Just happened a terrible car crash ,A
Our Deeds are the Reason of this #earthquake May ALLAH Forgive us all , NA
"Heard about #earthquake is different cities, stay safe everyone. ", NA
"there is a forest fire at spot pond, geese are fleeing across the street, I cannot save them all ",A
Forest fire near La Ronge Sask. Canada ,A
All residents asked to 'shelter in place' are being notified by officers. No other evacuation or shelter in place orders are expected ,A
"13,000 people receive #wildfires evacuation orders in California  ",A
Just got sent this photo from Ruby #Alaska as smoke from #wildfires pours into a school  ,A
#RockyFire Update => California Hwy. 20 closed in both directions due to Lake County fire - #CAfire #wildfires ,A
Apocalypse lighting. #Spokane #wildfires , NA
"#flood #disaster Heavy rain causes flash flooding of streets in Manitou, Colorado Springs areas ",A
Typhoon Soudelor kills 28 in China and Taiwan , NA
We're shaking...It's an earthquake ,A
I'm on top of the hill and I can see a fire in the woods... ,A
There's an emergency evacuation happening now in the building across the street ,A
I'm afraid that the tornado is coming to our area... ,A
Three people died from the heat wave so far , NA
Haha South Tampa is getting flooded hah- WAIT A SECOND I LIVE IN SOUTH TAMPA WHAT AM I GONNA DO WHAT AM I GONNA DO FVCK #flooding ,A
#raining #flooding #Florida #TampaBay #Tampa 18 or 19 days. I've lost count  , NA
#Flood in Bago Myanmar #We arrived Bago , NA
Damage to school bus on 80 in multi car crash #BREAKING  ,A
Birmingham Wholesale Market is ablaze BBC News - Fire breaks out at Birmingham's Wholesale Market http://t.co/irWqCEZWEU ,A
@bbcmtd Wholesale Markets ablaze http://t.co/lHYXEOHY6C ,A
#AFRICANBAZE: Breaking news:Nigeria flag set ablaze in Aba. http://t.co/2nndBGwyEi , NA
INEC Office in Abia Set Ablaze - http://t.co/3ImaomknnA ,A
Barbados #Bridgetown JAMAICA ‰ÛÒ Two cars set ablaze: SANTA CRUZ ‰ÛÓ Head of the St Elizabeth Police Superintende...  http://t.co/wDUEaj8Q4J ,A
How the West was burned: Thousands of wildfires ablaze in California alone http://t.co/vl5TBR3wbr , NA
Deputies: Man shot before Brighton home set ablaze http://t.co/gWNRhMSO8k , NA
Man wife get six years jail for setting ablaze niece http://t.co/eV1ahOUCZA , NA
Rape victim dies as she sets herself ablaze: A 16-year-old girl died of burn injuries as she set herself ablaze‰Û_ http://t.co/UK8hNrbOob , NA
Police: Arsonist Deliberately Set Black Church In North CarolinaåÊAblaze http://t.co/pcXarbH9An , NA
#Kurds trampling on Turkmen flag later set it ablaze while others vandalized offices of Turkmen Front in #Diyala http://t.co/4IzFdYC3cg , NA
TRUCK ABLAZE : R21. VOORTREKKER AVE. OUTSIDE OR TAMBO INTL. CARGO SECTION. http://t.co/8kscqKfKkF , NA
How the West was burned: Thousands of wildfires ablaze in #California alone http://t.co/iCSjGZ9tE1 #climate #energy http://t.co/9FxmN0l0Bd , NA
@Navista7 Steve these fires out here are something else! California is a tinderbox - and this clown was setting my 'hood ablaze @News24680 , NA
@nxwestmidlands huge fire at Wholesale markets ablaze http://t.co/rwzbFVNXER ,A
Accident on I-24 W #NashvilleTraffic. Traffic moving 8m slower than usual. https://t.co/0GHk693EgJ , NA
Accident center lane blocked in #SantaClara on US-101 NB before Great America Pkwy #BayArea #Traffic http://t.co/pmlOhZuRWR ,A
Accident cleared in #PaTurnpike on PATP EB between PA-18 and Cranberry slow back to #traffic http://t.co/SL0Oqn0Vyr , NA
Reported motor vehicle accident in Curry on Herman Rd near Stephenson involving an overturned vehicle. Please use... http://t.co/YbJezKuRW1 ,A
BigRigRadio Live Accident Awareness , NA
I-77 Mile Marker 31 South Mooresville  Iredell Vehicle Accident Ramp Closed at 8/6 1:18 PM ,A
@Traffic_SouthE @roadpol_east Accident on A27 near Lewes is it Kingston Roundabout rather than A283 ,A
Traffic accident N CABRILLO HWY/MAGELLAN AV MIR (08/06/15 11:03:58) ,A
I-77 Mile Marker 31 to 40 South Mooresville  Iredell Vehicle Accident Congestion at 8/6 1:18 PM ,A
the pastor was not in the scene of the accident......who was the owner of the range rover ? , NA
I was in a horrible car accident this past Sunday. I'm finally able to get around. Thank you GOD?? , NA
#TruckCrash Overturns On #FortWorth Interstate http://t.co/Rs22LJ4qFp Click here if you've been in a crash&gt;http://t.co/Ld0unIYw4k ,A
Accident in #Ashville on US 23 SB before SR 752 #traffic http://t.co/hylMo0WgFI ,A
On the #M42 northbound between junctions J3 and J3A there are currently delays of 10 mins due to an accident c... http://t.co/LwI3prBa31 ,A
Carolina accident: Motorcyclist Dies in I-540 Crash With Car That Crossed Median: A motorcycle rider traveling... http://t.co/p18lzRlmy6 , NA
ACCIDENT - HIT AND RUN - COLD at 500 BLOCK OF SE VISTA TER GRESHAM OR [Gresham Police #PG15000044357] 10:35 #pdx911 ,A
FYI CAD:FYI: ;ACCIDENT PROPERTY DAMAGE;NHS;999 PINER RD/HORNDALE DR ,A
RT nAAYf: First accident in years. Turning onto Chandanee Magu from near MMA. Taxi rammed into me while I was halfway turned. Everyone conf‰Û_ , NA
Accident left lane blocked in #Manchester on Rt 293 NB before Eddy Rd stop and go traffic back to NH-3A delay of 4 mins #traffic ,A
;ACCIDENT PROPERTY DAMAGE; PINER RD/HORNDALE DR ,A
FYI CAD:FYI: ;ACCIDENT PROPERTY DAMAGE;WPD;1600 S 17TH ST ,A
8/6/2015@2:09 PM: TRAFFIC ACCIDENT NO INJURY at 2781 WILLIS FOREMAN RD http://t.co/VCkIT6EDEv ,A
Aashiqui Actress Anu Aggarwal On Her Near-Fatal Accident http://t.co/6Otfp31LqW , NA
Suffield Alberta Accident https://t.co/bPTmlF4P10 , NA
9 Mile backup on I-77 South...accident blocking the Right 2 Lanes at Exit 31 Langtree Rd...consider NC 115 or NC 150 to NC 16 as alternate ,A
#BREAKING: there was a deadly motorcycle car accident that happened to #Hagerstown today. I'll have more details at 5 @Your4State. #WHAG ,A
only had a car for not even a week and got in a fucking car accident .. Mfs can't fucking drive . , NA
.@NorwayMFA #Bahrain police had previously died in a road accident they were not killed by explosion https://t.co/gFJfgTodad , NA
'When the aftershock happened (Nepal) we were the last int'l team still there; in a way we were 1st responders.' Chief Collins @LACo_FD , NA
'We are still living in the aftershock of Hiroshima people are still the scars of history.' - Edward Bond http://t.co/engTl5wrGp , NA
Experts in France begin examining airplane debris found on Reunion Island: French air accident experts o... http://t.co/YVVPznZmXg #news , NA
Strict liability in the context of an airplane accident: Pilot error is a common component of most aviation cr... http://t.co/6CZ3bOhRd4 , NA
Experts in France begin examining airplane debris found on Reunion Island: French air accident experts on Wedn... http://t.co/bKpFpOGySI , NA
When carelessness leads to an aviation accident the victim has the right to seek compensation for damages. http://t.co/eqAG6rz1vO , NA
@AlexAllTimeLow awwww they're on an airplane accident and they're gonna die what a cuties ???? good job! , NA
@rewind_music found out about you guys today(regarding the accident on the airplane lol) &amp; became a fan! Sending love &amp; support from Cali~? , NA
family members of osama bin laden have died in an airplane accident how ironic ?????? mhmmm gov shit i suspect , NA
Man Goes into Airplane Engine Accident: http://t.co/TYJxrFd3St via @YouTube , NA
Horrible Accident  Man Died In Wings of Airplane (29-07-2015) http://t.co/i7kZtevb2v , NA
A girl who died in an airplane accident fifteen years ago , NA
@Mintechan Hihow are you? There is Keio line on the stationright? BTW do you know the airplane accident near Chofu airport this week? , NA
A Cessna airplane accident in Ocampo Coahuila Mexico on July 29 2015 killed four men including a State of Coahuila government official. , NA
#Horrible #Accident Man Died In Wings Airplane (29-07-2015) #WatchTheVideo http://t.co/p64xRVgJIk , NA
Experts in France begin examining airplane debris found on Reunion Island http://t.co/LsMx2vwr3J French air accident experts on Wednesday‰Û_ , NA
Experts in France begin examining airplane debris found on Reunion Island: French air accident experts on Wednesday began examining t... , NA
#KCA #VoteJKT48ID mbataweel: #RIP #BINLADEN Family members who killed in an airplane's accident , NA
Mexican airplane accident in Ocampo Coahuila MX on 7/29/25 killed Coahuila government SubSecretariat Francisco Garcia Castells age 42. , NA
Experts in France begin examining airplane debris found on Reunion Island: French air accident experts on... http://t.co/TagZbcXFj0 #MLB , NA
Horrible Accident  Man Died In Wings of AirplaneåÊ(29-07-2015) http://t.co/5ZRKZdhODe , NA
This is unbelievably insane. #man #airport #airplane #aircraft #aeroplane #runway #accident #freaky‰Û_ https://t.co/cezhq7CzLl , NA
Horrible Accident |  Man Died In Wings of AirplaneåÊ(29-07-2015) http://t.co/wq3wJsgPHL , NA
Horrible Accident Man Died In Wings of Airplane (29-07-2015) http://t.co/TfcdRONRA6 , NA
Usama bin Ladins family dead in airplane crash. Naturally no accident. , NA
Pilot Dies In Plane Crash At Car Festival https://t.co/kQ9aE6AP2B via @YouTube #Crash #Aircraft #Airplane #Pilot #Death #Accident #CarFest , NA
Horrible Accident Man Died In Wings of Airplane (29-07-2015) http://t.co/hG8u2kR1Rq , NA
Strict liability in the context of an airplane accident - http://t.co/gibyQHhKpk , NA
DTN Brazil: Experts in France begin examining airplane debris found on Reunion Island: French air accident exp... http://t.co/M9IG3WQ8Lq , NA
#UPDATE: Picture from the Penn Twp. airplane accident. http://t.co/6JfgDnZRlC , NA
See how a judge ruled in this 2009 accident at #JFK Airport? involving Korean Air?.  http://t.co/Yh1cGlN3rl http://t.co/6F5ShPKjOB , NA
Experts in France begin examining airplane debris found on Reunion Island: French air accident experts on Wedn... http://t.co/v4SMAESLK5 , NA
Horrible Accident Man Died In Wings Of ‰ÛÏAirplane‰Ûù 29-07-2015. WTF You Can‰Ûªt Believe Your EYES ‰ÛÒ... http://t.co/6fFyLAjWpS , NA
+ Nicole Fletcher one of a victim of crashed airplane few times ago.   The accident left a little bit trauma for her. Although she's   + , NA
36 years ago today baseball lost one of its greats in an airplane accident. RIP Captain. #Yankees @yankees http://t.co/iNKU28vjJj , NA
Experts in France begin examining airplane debris found on Reunion Island: French air accident experts on Wedn... http://t.co/miw2i0pQxz , NA
OMG Horrible Accident Man Died in Wings of Airplane. http://t.co/xDxDPrcPnS , NA
#BreakingNews Experts in France begin examining airplane debris found on Reunion Island: French air accident e...  http://t.co/3XIcUvlvlJ , NA
#OMG! I don't believe this. #RIP bro #AirPlane #Accident #JetEngine #TurboJet #Boing #G90 http://t.co/KXxnSZp6nk , NA
Experts in France begin examining airplane debris found on Reunion Island: French air accident experts on Wednesday began examining t... , NA
Experts in France begin examining airplane debris found on Reunion Island: French air accident experts on Wedn...  http://t.co/KuBsM16OuD , NA
I had a airplane accident. , NA
airplane crashes on house in Colombia 12 people die in accident https://t.co/ZhJlfLBHZL , NA
The shooting or the airplane accident  https://t.co/iECc1JDOub , NA
Could a drone cause an airplane accident? Pilots worried about use of drones esp. in close vicinity of airports http://t.co/kz35rGngJF # , NA
Early wake up call from my sister begging me to come over &amp; ride w/her in the ambulance to the hospital #RODKiai , NA
http://t.co/AY6zzcUpnz Twelve feared killed in Pakistani air ambulance helicopter crash http://t.co/sC9dNS41Mc , NA
Two air ambulances on scene of serious crash between two cars and lorry in ... - http://t.co/9pFEaQeSki http://t.co/fntG70rnkx | #EMSNe‰Û_ ,A
Twelve feared killed in Pakistani air ambulance helicopter crash - Reuters http://t.co/mDnUGVuBwN #yugvani , NA
Twelve feared killed in Pakistani air ambulance helicopter crash http://t.co/zdsug0UjS7 , NA
Anyone travelling Aberystwyth-Shrewsbury right now there's been an incident. Services at a halt just outside Shrews. Ambulance on scene. ,A
Twelve feared killed in Pakistani air ambulance helicopter crash http://t.co/Xum8YLcb4Q , NA
AMBULANCE SPRINTER AUTOMATIC FRONTLINE VEHICLE CHOICE OF 14 LEZ COMPLIANT | eBay http://t.co/7X3PDDbT0Z , NA
@20skyhawkmm20 @traplord_29 @FREDOSANTANA300 @LilReese300 it was hella crazy 3 fights an ambulance and a couple mosh pits ?? , NA
#news Twelve feared killed in Pakistani air ambulance helicopter crash http://t.co/bFeS5tWBzt #til_now #DNA , NA
http://t.co/7xGLah10zL Twelve feared killed in Pakistani air ambulance helicopter crash http://t.co/THmblAATzP , NA
Pakistan air ambulance helicopter crash kills nine http://t.co/8E7rY8eBMf , NA
http://t.co/FCqmKFfflW Twelve feared killed in Pakistani air ambulance helicopter crash http://t.co/vAyaYmbNgu , NA
Twelve feared killed in Pakistani air ambulance helicopter crash http://t.co/3bRme6Sn4t , NA
when you don't know which way an ambulance is coming from &lt;&lt; , NA
Shot 12 times. Found dead in cuffs after being involved in a car accident. Officers told ambulance not to treat him. https://t.co/MEUDJwaaNg , NA
#reuters Twelve feared killed in Pakistani air ambulance helicopter crash http://t.co/ShzPyIQok5 , NA
http://t.co/pWwpUm6RBj Twelve feared killed in Pakistani air ambulance helicopter crash http://t.co/ySpON4d6Qo , NA
New Nanotech Device Will Be Able To Target And Destroy Blood Clots http://t.co/MnmyJXQ9go #science , NA
http://t.co/FueRk0gWui Twelve feared killed in Pakistani air ambulance helicopter crash http://t.co/Mv7GgGlmVc , NA
http://t.co/X5YEUYLT1X Twelve feared killed in Pakistani air ambulance helicopter crash http://t.co/2UgrMd1z1n , NA
2 held with heroin in ambulance http://t.co/d9sOwi1G21 http://t.co/OPxmdPIwAu , NA
Twelve feared killed in Pakistani air ambulance helicopter crash http://t.co/TH9YwBbeet #worldNews , NA
http://t.co/B2FaSrt1tN Twelve feared killed in Pakistani air ambulance helicopter crash http://t.co/O8BJXnEPQm , NA
Twelve feared killed in Pakistani air ambulance helicopter crash http://t.co/X2Qsjod40u #worldnews , NA
Why should a helicopter ambulance ride to transfer to a hospital 21 miles away cost $29800? http://t.co/7ZqIreY7Te http://t.co/9Qp3PqPwZv , NA
http://t.co/J8TYT1XRRK Twelve feared killed in Pakistani air ambulance helicopter crash http://t.co/9d4nAzOI94 , NA
Annihilated Abs . ?? http://t.co/1xPw292tJe , NA
Cop pulls drunk driver to safety SECONDS before his car is hit by train. http://t.co/cTL5xzIHxAåÊ http://t.co/1kDOZTD9mv via @ViralSpell , NA
Cop pulls drunk driver to safety SECONDS before his car is hit by train. http://t.co/cSsc8HcsXnåÊ http://t.co/jBlGyLCsAy via @ViralSpell , NA
@johnboywest The only 'stage' the drama queen can stand on is a drama stage &amp; certainly never the world stage; he would be annihilated. , NA
Cop pulls drunk driver to safety SECONDS before his car is hit by train. http://t.co/tHrhKHOGcUåÊ http://t.co/tZSZmF2qxE via @ViralSpell , NA
Cop pulls drunk driver to safety SECONDS before his car is hit by train. http://t.co/C0nKGp6w03åÊ http://t.co/IMWmfDJSSn via @ViralSpell , NA
@violentfeminazi I guess that's ok for Armenians since we've spent most of our history getting annihilated , NA
70 years since we annihilated 100000 people instantly and became aware that we have the ability to annihilate the whole of humanity , NA
During the 1960s the oryx a symbol of the Arabian Peninsula were annihilated by hunters.  http://t.co/yangEQBUQW http://t.co/jQ2eH5KGLt , NA
@thehill this is 1 example of y the Conservatives annihilated Burton v Wiimington Prkng Auth while Liberals stood by &amp;have done nothing , NA
Aug 3 1915‰ÛÓKAISERJAEGERS WIPED OUT.; Francis Joseph's Crack Regiment Annihilated on Carso Plateau. http://t.co/D1sPSwl66H , NA
Ready to get annihilated for the BUCS game , NA
@PhilipDuncan @breakfastone People 'annihilated by last nights weather'... Really Philip thought you would have forecast that... , NA
They should all die! All of them! Everything annihilated! , NA
@TomcatArts thus explaining why you were all annihilated. But the few or in this case you the only survivor evolved and became godlike , NA
Cop pulls drunk driver to safety SECONDS before his car is hit by train. http://t.co/F1BAkpNyn6åÊ http://t.co/lZXwoAyE4x via @ViralSpell , NA
ANNIHILATED IN DAMASCUS: SYRIAN ARMY GRINDS ‰Û÷ALLOOSH AND HIS GANG INTO THE MANURE PILE http://t.co/7rakhP3bWm , NA
@rvfriedmann Hell is just a fraction of his belief of total annihilation destruction of USA @LodiSilverado @ritzy_jewels , NA
Please sign &amp; RT to save #SaltRiverWildHorses http://t.co/GB8ispiaRP http://t.co/Bx0l87iNc8 , NA
annihilating quarterstaff of annihilation , NA
:StarMade: :Stardate 3: :Planetary Annihilation:: http://t.co/I2hHvIUmTm via @YouTube , NA
U.S National Park Services Tonto National Forest: Stop the Annihilation of the Salt River Wild Horse... https://t.co/sW1sBua3mN via @Change , NA
U.S National Park Services Tonto National Forest: Stop the Annihilation of the Salt River Wild Horse... http://t.co/KPQk0C4G0M via @Change , NA
@CalFreedomMom @steph93065 not to mention a major contributor to the annihilation of Israel , NA
@willienelson We need help! Horses will die!Please RT &amp; sign petition!Take a stand &amp; be a voice for them! #gilbert23 https://t.co/e8dl1lNCVu , NA
U.S National Park Services Tonto National Forest: Stop the Annihilation of the Salt River Wild Horse... https://t.co/ZhXua8kmae via @Change , NA
RT SIGN URGENT Stop the Annihilation of the Salt River Wild Horses!!! #savewildhorses #saltriverhorses https://t.co/8AZjFF8eSi , NA
U.S National Park Services Tonto National Forest: Stop the Annihilation of the Salt River Wild Horse... https://t.co/d82wlcP49S via @Change , NA
Stop the Annihilation of the Salt River Wild Horses! http://t.co/wVobVVtXKg via @Change , NA
U.S National Park Services Tonto National Forest: Stop the Annihilation of the Salt River Wild Horse... http://t.co/TrKg2tpWJm via @Change , NA
U.S National Park Services Tonto National Forest: Stop the Annihilation of the Salt River Wild Horse... http://t.co/k0q4fnBzss via @Change , NA
World Annihilation vs Self Transformation http://t.co/pyehwodWun Aliens Attack to Exterminate Humans http://t.co/8jxqL8Cv8Z , NA
U.S National Park Services Tonto National Forest: Stop the Annihilation of the Salt River Wild Horse... http://t.co/SB5R7ShcCJ via @Change , NA
ohH NO FUKURODANI DIDN'T SURVIVE THE APOCALYPSE BOKUTO FEELS HORRIBLE  my poor boy my ppor child , NA
Another hour! It's August 05 2015 at 08:02PM Here's Red Rover Zombie Apocalypse 2014! http://t.co/cf9e6TU3g7 #internetradio #collegeradi‰Û_ , NA
I know it's a question of interpretation but this is a sign of the apocalypse.  I called it https://t.co/my8q1uWIjn , NA
Apocalypse no! Why artists should not go into the #Fukushima exclusion zone  http://t.co/3zqL0qbLUw #nuclear #ura , NA
And so it begins.. day one of the snow apocalypse , NA
Dad bought a DVD that looks like a science doc on the front but I read the back and it's actually about the impending biblical apocalypse , NA
There's a Storm over Cairo in the latest 'X-Men Apocalypse' set photo https://t.co/fS012trUDG via @YahooTV , NA
The latest from @BryanSinger reveals #Storm is a queen in #Apocalypse @RuPaul @AlexShipppp http://t.co/oQw8Jx6rTs , NA
Shadow boxing the apocalypse , NA
Short Reading  Apocalypse 21:1023   In the spirit the angel took me to the top of an enormous high mountain and... http://t.co/v8AfTD9zeZ , NA
#PBBan (Temporary:300) hyider_ghost2 @'aRmageddon | DO NOT KILL | FLAGS ONLY | Fast XP' for Reason , NA
Armageddon https://t.co/uCSUDk3q1d , NA
Vladimir Putin Issues Major Warning But Is It Too Late To Escape Armageddon? http://t.co/gBxafy1m1C , NA
#Turkey invades #Israel - Halfway to #Armageddon http://t.co/xUOh3sJNXF , NA
@Erker Again?? Eep! Thought of you yesterday when I saw that hella scary hail. #armageddon? , NA
Paul Craig Roberts ‰ÛÒ Vladimir Putin Issues Major Warning But Is It Too Late To Escape A http://t.co/NVfKzv5FEx #brics #roberts #russia , NA
#MustRead: Vladimir #Putin Issues Major Warning But Is It Too Late To Escape Armageddon? by @PCraigRoberts #US #Rus http://t.co/5GFhfCIjrF , NA
Salvation Army hosts rally to reconnect fathers with children: The Salvation Army is hosting a back to school rally‰Û_ http://t.co/rDjpor3AZg , NA
But if you build an army of 100 dogs and their leader is a lion all dogs will fight like a lion. , NA
VICTORINOX SWISS ARMY DATE WOMEN'S RUBBER MOP WATCH 241487 http://t.co/q6VCJaTfjx http://t.co/m1cpEw7kbh , NA
One Direction Is my pick for http://t.co/q2eBlOKeVE Fan Army #Directioners http://t.co/eNCmhz6y34 x1392 , NA
VICTORINOX SWISS ARMY DATE WOMEN'S RUBBER MOP WATCH 241487 http://t.co/yFy3nkkcoH http://t.co/KNEhVvOHVK , NA
@AP what a violent country get the army involved to help control the killings and bring back peace to the poor people. , NA
Cheesehead Report - Arson charges filed in Jackson County house fire http://t.co/I3Y1ZWjBzO , NA
Arson suspect linked to 30 fires caught in Northern California http://t.co/z8tlcAdKOw , NA
Israeli police unable to solve the case of Duma arson attack http://t.co/WtZgXzaf7Z , NA
Spokane authorities say they're struggling to solve arson cases like today's on Hamilton. http://t.co/Qbs2k01WzK http://t.co/mvLZIYsGLL , NA
Thousands attend a rally organized by Peace Now protesting the arson attack that took the life of an http://t.co/bvCKd9pdTi , NA
SHOCK REPORT: Muslims Setting Wildfires Across American West...Arson Jihad!  http://t.co/92F4nKxjIu , NA
#BreakingNews Mourning notices for stabbing arson victims stir ‰Û÷politics of grief‰Ûª in Israel: Posters f... http://t.co/KTKDrGVHgX #rome , NA

