,text,label
0,just happened a terrible car crash  , A
1,our deeds are the reason of this earthquake may allah forgive us all  , NA
2,heard about earthquake is different cities  stay safe everyone   , NA
3,there is a forest fire at spot pond  geese are fleeing across the street  i cannot save them all  , A
4,forest fire near la ronge sask  canada  , A
5,all residents asked to 'shelter in place' are being notified by officers  no other evacuation or shelter in place orders are expected  , A
6,13 000 people receive wildfires evacuation orders in california   , A
7,just got sent this photo from ruby alaska as smoke from wildfires pours into a school   , A
8,rockyfire update    california hwy  20 closed in both directions due to lake county fire   cafire wildfires  , A
9,apocalypse lighting  spokane wildfires  , NA
10,flood disaster heavy rain causes flash flooding of streets in manitou  colorado springs areas  , A
11,typhoon soudelor kills 28 in china and taiwan  , NA
12,we're shaking   it's an earthquake  , A
13,i'm on top of the hill and i can see a fire in the woods     , A
14,there's an emergency evacuation happening now in the building across the street  , A
15,i'm afraid that the tornado is coming to our area     , A
16,three people died from the heat wave so far  , NA
17,haha south tampa is getting flooded hah  wait a second i live in south tampa what am i gonna do what am i gonna do fvck flooding  , A
18,raining flooding florida tampabay tampa 18 or 19 days  i've lost count   , NA
19,flood in bago myanmar we arrived bago  , NA
20,damage to school bus on 80 in multi car crash breaking   , A
21,birmingham wholesale market is ablaze bbc news   fire breaks out at birmingham's wholesale market   , A
22, wholesale markets ablaze   , A
23,africanbaze  breaking news nigeria flag set ablaze in aba    , NA
24,inec office in abia set ablaze     , A
25,barbados bridgetown jamaica           two cars set ablaze  santa cruz           head of the st elizabeth police superintende       , A
26,how the west was burned  thousands of wildfires ablaze in california alone   , NA
27,deputies  man shot before brighton home set ablaze   , NA
28,man wife get six years jail for setting ablaze niece   , NA
29,rape victim dies as she sets herself ablaze  a 16 year old girl died of burn injuries as she set herself ablaze      _   , NA
30,police  arsonist deliberately set black church in north carolina      ablaze   , NA
31,kurds trampling on turkmen flag later set it ablaze while others vandalized offices of turkmen front in diyala   , NA
32,truck ablaze   r21  voortrekker ave  outside or tambo intl  cargo section    , NA
33,how the west was burned  thousands of wildfires ablaze in california alone  climate energy   , NA
34, steve these fires out here are something else! california is a tinderbox   and this clown was setting my 'hood ablaze   , NA
35, huge fire at wholesale markets ablaze   , A
36,accident on i 24 w nashvilletraffic  traffic moving 8m slower than usual    , NA
37,accident center lane blocked in santaclara on us 101 nb before great america pkwy bayarea traffic   , A
38,accident cleared in paturnpike on patp eb between pa 18 and cranberry slow back to traffic   , NA
39,reported motor vehicle accident in curry on herman rd near stephenson involving an overturned vehicle  please use      , A
40,bigrigradio live accident awareness  , NA
41,i 77 mile marker 31 south mooresville  iredell vehicle accident ramp closed at 8 6 1 18 pm  , A
42,  accident on a27 near lewes is it kingston roundabout rather than a283  , A
43,traffic accident n cabrillo hwy magellan av mir (08 06 15 11 03 58)  , A
44,i 77 mile marker 31 to 40 south mooresville  iredell vehicle accident congestion at 8 6 1 18 pm  , A
45,the pastor was not in the scene of the accident      who was the owner of the range rover ?  , NA
46,i was in a horrible car accident this past sunday  i'm finally able to get around  thank you god??  , NA
47,truckcrash overturns on fortworth interstate  click here if you've been in a crash gt   , A
48,accident in ashville on us 23 sb before sr 752 traffic   , A
49,on the m42 northbound between junctions j3 and j3a there are currently delays of 10 mins due to an accident c      , A
50,carolina accident  motorcyclist dies in i 540 crash with car that crossed median  a motorcycle rider traveling      , NA
51,accident   hit and run   cold at 500 block of se vista ter gresham or  gresham police pg15000044357  10 35 pdx911  , A
52,fyi cad fyi   accident property damage nhs 999 piner rd horndale dr  , A
53,rt naayf  first accident in years  turning onto chandanee magu from near mma  taxi rammed into me while i was halfway turned  everyone conf      _  , NA
54,accident left lane blocked in manchester on rt 293 nb before eddy rd stop and go traffic back to nh 3a delay of 4 mins traffic  , A
55, accident property damage  piner rd horndale dr  , A
56,fyi cad fyi   accident property damage wpd 1600 s 17th st  , A
57,8 6 2015 pm  traffic accident no injury at 2781 willis foreman rd   , A
58,aashiqui actress anu aggarwal on her near fatal accident   , NA
59,suffield alberta accident   , NA
60,9 mile backup on i 77 south   accident blocking the right 2 lanes at exit 31 langtree rd   consider nc 115 or nc 150 to nc 16 as alternate  , A
61,breaking  there was a deadly motorcycle car accident that happened to hagerstown today  i'll have more details at 5  whag  , A
62,only had a car for not even a week and got in a fucking car accident    mfs can't fucking drive    , NA
63,  bahrain police had previously died in a road accident they were not killed by explosion   , NA
64,'when the aftershock happened (nepal) we were the last int'l team still there  in a way we were 1st responders ' chief collins   , NA
65,'we are still living in the aftershock of hiroshima people are still the scars of history '   edward bond   , NA
66,experts in france begin examining airplane debris found on reunion island  french air accident experts o     news  , NA
67,strict liability in the context of an airplane accident  pilot error is a common component of most aviation cr      , NA
68,experts in france begin examining airplane debris found on reunion island  french air accident experts on wedn      , NA
69,when carelessness leads to an aviation accident the victim has the right to seek compensation for damages    , NA
70, awwww they're on an airplane accident and they're gonna die what a cuties ???? good job!  , NA
71, found out about you guys today(regarding the accident on the airplane lol)  amp  became a fan! sending love  amp  support from cali ?  , NA
72,family members of osama bin laden have died in an airplane accident how ironic ?????? mhmmm gov shit i suspect  , NA
73,man goes into airplane engine accident   via   , NA
74,horrible accident  man died in wings of airplane (29 07 2015)   , NA
75,a girl who died in an airplane accident fifteen years ago  , NA
76, hihow are you? there is keio line on the stationright? btw do you know the airplane accident near chofu airport this week?  , NA
77,a cessna airplane accident in ocampo coahuila mexico on july 29 2015 killed four men including a state of coahuila government official   , NA
78,horrible accident man died in wings airplane (29 07 2015) watchthevideo   , NA
79,experts in france begin examining airplane debris found on reunion island  french air accident experts on wednesday      _  , NA
80,experts in france begin examining airplane debris found on reunion island  french air accident experts on wednesday began examining t     , NA
81,kca votejkt48id mbataweel  rip binladen family members who killed in an airplane's accident  , NA
82,mexican airplane accident in ocampo coahuila mx on 7 29 25 killed coahuila government subsecretariat francisco garcia castells age 42   , NA
83,experts in france begin examining airplane debris found on reunion island  french air accident experts on     mlb  , NA
84,horrible accident  man died in wings of airplane      (29 07 2015)   , NA
85,this is unbelievably insane  man airport airplane aircraft aeroplane runway accident freaky      _   , NA
86,horrible accident    man died in wings of airplane      (29 07 2015)   , NA
87,horrible accident man died in wings of airplane (29 07 2015)   , NA
88,usama bin ladins family dead in airplane crash  naturally no accident   , NA
89,pilot dies in plane crash at car festival  via  crash aircraft airplane pilot death accident carfest  , NA
90,horrible accident man died in wings of airplane (29 07 2015)   , NA
91,strict liability in the context of an airplane accident     , NA
92,dtn brazil  experts in france begin examining airplane debris found on reunion island  french air accident exp      , NA
93,update  picture from the penn twp  airplane accident    , NA
94,see how a judge ruled in this 2009 accident at jfk airport? involving korean air?      , NA
95,experts in france begin examining airplane debris found on reunion island  french air accident experts on wedn      , NA
96,horrible accident man died in wings of          airplane       29 07 2015  wtf you can      t believe your eyes                , NA
97,  nicole fletcher one of a victim of crashed airplane few times ago    the accident left a little bit trauma for her  although she's      , NA
98,36 years ago today baseball lost one of its greats in an airplane accident  rip captain  yankees    , NA
99,experts in france begin examining airplane debris found on reunion island  french air accident experts on wedn      , NA
100,omg horrible accident man died in wings of airplane    , NA
101,breakingnews experts in france begin examining airplane debris found on reunion island  french air accident e       , NA
102,omg! i don't believe this  rip bro airplane accident jetengine turbojet boing g90   , NA
103,experts in france begin examining airplane debris found on reunion island  french air accident experts on wednesday began examining t     , NA
104,experts in france begin examining airplane debris found on reunion island  french air accident experts on wedn       , NA
105,i had a airplane accident   , NA
106,airplane crashes on house in colombia 12 people die in accident   , NA
107,the shooting or the airplane accident    , NA
108,could a drone cause an airplane accident? pilots worried about use of drones esp  in close vicinity of airports    , NA
109,early wake up call from my sister begging me to come over  amp  ride w her in the ambulance to the hospital rodkiai  , NA
110, twelve feared killed in pakistani air ambulance helicopter crash   , NA
111,two air ambulances on scene of serious crash between two cars and lorry in           emsne      _  , A
112,twelve feared killed in pakistani air ambulance helicopter crash   reuters  yugvani  , NA
113,twelve feared killed in pakistani air ambulance helicopter crash   , NA
114,anyone travelling aberystwyth shrewsbury right now there's been an incident  services at a halt just outside shrews  ambulance on scene   , A
115,twelve feared killed in pakistani air ambulance helicopter crash   , NA
116,ambulance sprinter automatic frontline vehicle choice of 14 lez compliant   ebay   , NA
117,    it was hella crazy 3 fights an ambulance and a couple mosh pits ??  , NA
118,news twelve feared killed in pakistani air ambulance helicopter crash  til_now dna  , NA
119, twelve feared killed in pakistani air ambulance helicopter crash   , NA
120,pakistan air ambulance helicopter crash kills nine   , NA
121, twelve feared killed in pakistani air ambulance helicopter crash   , NA
122,twelve feared killed in pakistani air ambulance helicopter crash   , NA
123,when you don't know which way an ambulance is coming from  lt  lt   , NA
124,shot 12 times  found dead in cuffs after being involved in a car accident  officers told ambulance not to treat him    , NA
125,reuters twelve feared killed in pakistani air ambulance helicopter crash   , NA
126, twelve feared killed in pakistani air ambulance helicopter crash   , NA
127,new nanotech device will be able to target and destroy blood clots  science  , NA
128, twelve feared killed in pakistani air ambulance helicopter crash   , NA
129, twelve feared killed in pakistani air ambulance helicopter crash   , NA
130,2 held with heroin in ambulance    , NA
131,twelve feared killed in pakistani air ambulance helicopter crash  worldnews  , NA
132, twelve feared killed in pakistani air ambulance helicopter crash   , NA
133,twelve feared killed in pakistani air ambulance helicopter crash  worldnews  , NA
134,why should a helicopter ambulance ride to transfer to a hospital 21 miles away cost  29800?    , NA
135, twelve feared killed in pakistani air ambulance helicopter crash   , NA
136,annihilated abs   ??   , NA
137,cop pulls drunk driver to safety seconds before his car is hit by train    via   , NA
138,cop pulls drunk driver to safety seconds before his car is hit by train    via   , NA
139, the only 'stage' the drama queen can stand on is a drama stage  amp  certainly never the world stage  he would be annihilated   , NA
140,cop pulls drunk driver to safety seconds before his car is hit by train    via   , NA
141,cop pulls drunk driver to safety seconds before his car is hit by train    via   , NA
142, i guess that's ok for armenians since we've spent most of our history getting annihilated  , NA
143,70 years since we annihilated 100000 people instantly and became aware that we have the ability to annihilate the whole of humanity  , NA
144,during the 1960s the oryx a symbol of the arabian peninsula were annihilated by hunters      , NA
145, this is 1 example of y the conservatives annihilated burton v wiimington prkng auth while liberals stood by  amp have done nothing  , NA
146,aug 3 1915         kaiserjaegers wiped out   francis joseph's crack regiment annihilated on carso plateau    , NA
147,ready to get annihilated for the bucs game  , NA
148,  people 'annihilated by last nights weather'    really philip thought you would have forecast that     , NA
149,they should all die! all of them! everything annihilated!  , NA
150, thus explaining why you were all annihilated  but the few or in this case you the only survivor evolved and became godlike  , NA
151,cop pulls drunk driver to safety seconds before his car is hit by train    via   , NA
152,annihilated in damascus  syrian army grinds          alloosh and his gang into the manure pile   , NA
153, hell is just a fraction of his belief of total annihilation destruction of usa    , NA
154,please sign  amp  rt to save saltriverwildhorses    , NA
155,annihilating quarterstaff of annihilation  , NA
156, starmade   stardate 3   planetary annihilation    via   , NA
157,u s national park services tonto national forest  stop the annihilation of the salt river wild horse     via   , NA
158,u s national park services tonto national forest  stop the annihilation of the salt river wild horse     via   , NA
159,  not to mention a major contributor to the annihilation of israel  , NA
160, we need help! horses will die!please rt  amp  sign petition!take a stand  amp  be a voice for them! gilbert23   , NA
161,u s national park services tonto national forest  stop the annihilation of the salt river wild horse     via   , NA
162,rt sign urgent stop the annihilation of the salt river wild horses!!! savewildhorses saltriverhorses   , NA
163,u s national park services tonto national forest  stop the annihilation of the salt river wild horse     via   , NA
164,stop the annihilation of the salt river wild horses!  via   , NA
165,u s national park services tonto national forest  stop the annihilation of the salt river wild horse     via   , NA
166,u s national park services tonto national forest  stop the annihilation of the salt river wild horse     via   , NA
167,world annihilation vs self transformation  aliens attack to exterminate humans   , NA
168,u s national park services tonto national forest  stop the annihilation of the salt river wild horse     via   , NA
169,ohh no fukurodani didn't survive the apocalypse bokuto feels horrible  my poor boy my ppor child  , NA
170,another hour! it's august 05 2015 at 08 02pm here's red rover zombie apocalypse 2014!  internetradio collegeradi      _  , NA
171,i know it's a question of interpretation but this is a sign of the apocalypse   i called it   , NA
172,apocalypse no! why artists should not go into the fukushima exclusion zone   nuclear ura  , NA
173,and so it begins   day one of the snow apocalypse  , NA
174,dad bought a dvd that looks like a science doc on the front but i read the back and it's actually about the impending biblical apocalypse  , NA
175,there's a storm over cairo in the latest 'x men apocalypse' set photo  via   , NA
176,the latest from  reveals storm is a queen in apocalypse     , NA
177,shadow boxing the apocalypse  , NA
178,short reading  apocalypse 21 1023   in the spirit the angel took me to the top of an enormous high mountain and      , NA
179,pbban (temporary 300) hyider_ghost2    do not kill   flags only   fast xp' for reason  , NA
180,armageddon   , NA
181,vladimir putin issues major warning but is it too late to escape armageddon?   , NA
182,turkey invades israel   halfway to armageddon   , NA
183, again?? eep! thought of you yesterday when i saw that hella scary hail  armageddon?  , NA
184,paul craig roberts           vladimir putin issues major warning but is it too late to escape a  brics roberts russia  , NA
185,mustread  vladimir putin issues major warning but is it too late to escape armageddon? by  us rus   , NA
186,salvation army hosts rally to reconnect fathers with children  the salvation army is hosting a back to school rally      _   , NA
187,but if you build an army of 100 dogs and their leader is a lion all dogs will fight like a lion   , NA
188,victorinox swiss army date women's rubber mop watch 241487    , NA
189,one direction is my pick for  fan army directioners  x1392  , NA
190,victorinox swiss army date women's rubber mop watch 241487    , NA
191, what a violent country get the army involved to help control the killings and bring back peace to the poor people   , NA
192,cheesehead report   arson charges filed in jackson county house fire   , NA
193,arson suspect linked to 30 fires caught in northern california   , NA
194,israeli police unable to solve the case of duma arson attack   , NA
195,spokane authorities say they're struggling to solve arson cases like today's on hamilton     , NA
196,thousands attend a rally organized by peace now protesting the arson attack that took the life of an   , NA
197,shock report  muslims setting wildfires across american west   arson jihad!    , NA
198,breakingnews mourning notices for stabbing arson victims stir          politics of grief       in israel  posters f     rome  , NA
199,another fake hate crime lesbians burn their own house down  what else is new    , NA
200,mourning notices for stabbing arson victims stir        politics of grief        in israel  posters for shira banki and a      , NA
201,los angeles times  arson suspect linked to 30 fires caught in northern        newsintweets   , NA
202,rt saginaw   police sketches of 2 'persons of interest' in saginaw arson    , NA
203,trial date set for man charged with arson burglary   , NA
204,after death of palestinian toddler in arson attack israel cracks down on jewish  , NA
205,palestinian teen killed amid protests against arson attack   , NA
206,kisii police in kisii hunt for students over failed arson plot  police in kisii hunt for students     countynews  , NA
207,mariah getting thick in the shoulders poor girl   , NA
208,fire that destroyed charlton winery ruled to be arson   , NA
209,relaxinpr  miprv  rt latimes  arson suspect linked to 30 fires caught in northern california   , NA
210,jewish leaders prayed at the hospital where a palestinian family is being treated after arson  via   , NA
211,man charged in connection to shawnee arson and burglary  olathe kan          a man was in court wednesday accused of     _   , NA
212,owner of chicago area gay bar admits to arson scheme  lgbt  , NA
213,960kzim  steele police arrest 2 in possible arson investigation   , NA
214,tennessee lesbian couple faked hate crime and destroyed own home with arson     _  lesbian  , NA
215,rt  owner of chicago area gay bar admits to arson scheme  p2 lgbt  , NA
216,lgbtq news ?? owner of chicago area gay bar admits to arson scheme  frank elliott pleaded     via   , NA
217,contra costa co  authorities arrest suspected serial arsonist  authorities believe that     _      , NA
218,owner of chicago area gay bar admits to arson scheme  frank elliott pleaded guilty to hiring an arsonist to to      , NA
219,  i hate white people mo  , NA
220,alleged east bay serial arsonist arrested   , NA
221,suspected serial arsonist arrested in calif    , NA
222,arsonist sets nyc vegetarian restaurant on fire  police newyork     , NA
223,arsonist torches a house himself and his getaway vehicle police say   surrey leader    , NA
224,arsonist arrested for setting many fires  watch tonight       s other headlines   nightbeat  2minutemix  , NA
225,hotel arsonist who caused     70000 damage was        crying for help         an arsonist has been jailed after a court hear      , NA
226,suspected serial arsonist in east bay under arrest   10pm    , NA
227,alleged east bay serial arsonist arrested sanfrancisco     , NA
228,suspected serial arsonist arrested in norcal    , NA
229,serial arsonist gets no bail not jail release   , NA
230,big top burning the true story of an arsonist a missing girl      _       , NA
231,stay vigilent  civil liberties are under constant attack  nativehuman myreligion    , NA
232,delhi government to provide free treatment to acid attack victims in private hospitals aapatwork   , NA
233,  nashville theater attack  will gun grabbers now demand        hatchet control?         , NA
234,breaking  terror attack on police post udhampur  , NA
235,it scares me that there's new versions of nuclear attack warnings like just knowing that governments still prepare for them  , NA
236,isil claims suicide bombing at saudi mosque that killed at least 15    , NA
237,horrific attack on wife by muslim in italy  liveleak news  , NA
238,       93 blasts accused yeda yakub dies in karachi of heart attack  mumbai  , NA
239,  us drone attack kills 4 suspected militants in north waziristan    , NA
240,suspect in latest theater attack had psychological issues   , NA
241,militants attack police post in udhampur  2 spos injured   livemint     allthenews  , NA
242,breaking  obama officials gave muslim terrorist the weapon used in texas attack   , NA
243,delhi government to provide free treatment to acid attack victims in private hospitals   , NA
244,new post from   new smb relay attack steals user credentials over internet  , NA
245,israeli forces raid home of alleged car attack suspect  palestine  , NA
246,suspect in latest us theatre attack had psychological issues    , NA
247,volleyball attack ii volleyball training machine   sets simulation      , NA
248,notley's tactful yet very direct response to harper's attack on alberta's gov't  hell yeah premier!  ableg cdnpoli  , NA
249,people tilly the confused cat overcomes horrible attack to win hearts   , NA
250,police  assailant in latest us movie theatre attack was homeless had psychological issues   , NA
251,to love you love you love you      massive attack   angel (hd)  v  _a   , NA
252,suspect in latest us theatre attack had psychological issues    , NA
253,india shud not give any evidence 2 pak they will share with terrorists  amp  use for next attack share with oth contries   , NA
254,illegal alien released by obama dhs 4 times charged with rape  amp  murder of santa maria ca woman had prior offenses    , NA
255,strongly condemn attack on ary news team in karachi  a cowardly act against those simply trying to do their job!  , NA
256,nashville theater attack  will gun grabbers now demand        hatchet control?           , NA
257,the fact that the atomic bombs were called 'little boy' and 'fat man' says a lot about the mentality that went into the attack   , NA
258,a dayton area org tells me it was hit by a cyber attack    , NA
259, infowars   nashville theater attack  will gun grabbers now demand        hatchet control?         nwo  , NA
260,cop injured in gunfight as militants attack udhampur police post  suspected militants attacked a police post i      , NA
261,newcastle  schoolgirl attacked in seaton delaval park by 'pack of animals' led by a former friend  newcastle  , NA
262,christian attacked by muslims at the temple mount after waving israeli flag via pamela geller         , NA
263,tennessee man killed by police attacked family with hatchet  911    call   , NA
264,israeli helicopters that attacked civilians in gaza just completed exercises in greece   , NA
265,pt  the unit attacked by is was responsible for targeting muslim scholars and imprisoning the youth    , NA
266,telnet attacked from 124 13 172 40 (streamyx home southern my)  , NA
267,i attacked robot lvl 1 and i've earned a total of 16000 free satoshis!  robotcoingame bitcoin freebitcoin  , NA
268,kelly osbourne attacked for racist donald trump remark about latinos on the view   , NA
269,tv program i saw said us air plane flew to uranium mine in fukushima and attacked by machine gun when student army were digging it   , NA
270,i was having such a peaceful happy twitter experience    then  avalanche of idiocy !!!!!!   , NA
271,'one glance and the avalanche drops  one look and my heartbeat stops ' oh walk the moon how you get me   i couldn't have said it better   , NA
272,plus performance chip fuel saver chevy silverado avalanche blazer tahoe    , NA
273,dorion  sens looking for consistency from hoffman coloradoavalanche avalanche    , NA
274,driving the avalanche after having my car for a week is like driving a tank  , NA
275,02 03 04 05 avalanche 1500 rear axle assembly 2055271    , NA
276,chiasson sens can't come to deal coloradoavalanche avalanche    , NA
277,senators have another year to determine hoffman's v    coloradoavs nhlavalanche    , NA
278,avalanche city   sunset  nowplay listen radio  , NA
279, listen to wtm avalanche and take a deep breath  , NA
280,now there's an avalanche    these men are lunatics livingontheedge  , NA
281,chevrolet   avalanche lt 2011 lt used 5 3 l v 8 16 v automatic 4 wd pickup truck premium b     _    , NA
282,star wars power of the jedi collection 1 battle droid hasbro   full read by ebay    , NA
283,civil war general battle bull run hero colonel 2nd new hampshire letter signed !    , NA
284,indeed!! i am fully aware of that battle! i support you in that fight!!    , NA
285,black eye 9  a space battle occurred at star m27329 involving 1 fleets totaling 1236 ships with 7 destroyed  , NA
286,environment lone pine trees growing across the country in remembrance of battle at gallipoli 100 years ago  t      , NA
287,a young german stormtrooper engaged in the battle of the somme 1916   800      582     , NA
288,i liked a  video from   knuckles punches into death battle!  , NA
289,news  fedex no longer to transport bioterror germs in wake of anthrax lab mishaps   , NA
290,fedex no longer to transport bioterror germs in wake of anthrax lab mishaps breakingnews  , NA
291,jacksonville busines fedex stops shipping potential bioterror pathogens   , NA
292,  responds  fedex no longer to transport bioterror germs in wake of anthrax lab mishaps   , NA
293,news fedex no longer to transport bioterror germs in wake of anthrax lab mishaps (say what?)      fedex no     tcot  , NA
294,fedex no longer to transport bioterror germs in wake of anthrax lab mishaps  via   , NA
295,house energy  amp amp  commerce subcommittee to hold 7 28 hearing of cdc oversight of bioterror labs army anthrax mishaps  htt     _  , NA
296,world fedex no longer to transport bioterror germs in wake of anthrax lab mishaps    , NA
297,latest fallout from biolab safety lapses  fedex no longer will transport anthrax  amp  select agent research specimens   , NA
298,hmm   this could be problem for some researchers  fedex no longer to transport select agents  via   , NA
299,nowplaying at orchardalley in les of nyc 'bioterror  manufactured fear and state repression'  gardens   , NA
300,in offbeat news  has stopped shipping bioterror pathogens   , NA
301, jax biz journal  fedex stops shipping potential bioterror pathogens   , NA
302,usatoday  on today's frontpage  bioterror lab faced secret sanctions  rickperry doesn't make the cut for foxnew     _   , NA
303,bioterrorism and ebola   rt stopislam tcot ccot makedclisten teaparty  , NA
304,the largest bioterrorism attack on u s  soil involved tacos    , NA
305,to fight bioterrorism sir   , NA
306,i liked a  video  fema region iii targeted for bioterrorism !!! nasa   japan rocket launch with lithium  , NA
307,anthrax bioterrorism cdc to carry out extensive review of lab safety and pathogen handling procedures   , NA
308, if 90blks amp 8whts colluded 2 take wht f  auth hostage amp 2 make her look blk w bioterrorism amp use her lgl org idis id still hers?  , NA
309, does that 'great iran deal' cover bioterrorism? you got cut off terrible of them  keep up the good work   , NA
310,is it time to hedge against catastrophic risks such as climate change asteroid impacts or bioterrorism?   , NA
311,a tale of two pox   body horrors  virus infectiousdiseases bioterrorism  , NA
312, if 90blks amp 8whts colluded 2 take wht f  auth hostage amp 2 make her look blk w bioterrorism amp use her lgl org idis id still hers?  , NA
313,bioterrorism public health superbug biolabs epidemics biosurveillance outbreaks   homeland security news wire   , NA
314, satan's daughter shadow warrior in 50ft women aka transgender mode ps nyc is about to fold extra extra center of bioterrorism  , NA
315, yes  i would think not  but since college 88 92 it's been difficult not to think of bioterrorism esp  bc 'dispersed '  , NA
316,volunteers needed to participate in emergency preparedness drill simulating a bioterrorism disaster     , NA
317,   of a major american newspaper running a series on all the alleged bioterrorism research going on 2 n  , NA
318,cdc has a pretty cool list of all bioterrorism agents  3  , NA
319, bioterrorism drones can reach large populated erea   , NA
320,government experts concerned about possible bioterrorism using gm organisms  scientists are concerned that the      , NA
321, any support sys 4  auth taken hostage by blk us clergyforced 2 exist younger amp grossly disfigured by bioterrorism?  , NA
322,anthony kimery discusses bioterrorism on syfy channel's 'joe rogan questions everything'   , NA
323, if 90blks amp 8whts colluded 2 take wht f  auth hostage amp 2 make her look blk w bioterrorism amp use her lgl org idis id still hers?  , NA
324, w ugliness due 2 your 'ugly' frat's bioterrorismi'm she who's  id u  tolewant'g another in my home   , NA
325,uganda seen as a front line in the bioterrorism fight  , NA
326,ppl living w  hiv have been charged with aggravated assault and bioterrorism for things w  low or no risk of transmission  hivisnotacrime  , NA
327, if 90blks amp 8whts colluded 2 take wht f  auth hostage amp 2 make her look blk w bioterrorism amp use her lgl org idis id still hers?  , NA
328,the irandeal only covers nuclear activity  what are they doing about bioterrorism? iran has broken at least 27 other agreements   , NA
329, that's good to hear  mine could be better but i can manage  it's alright you do what you have to  bioterrorism doesn't wait   , NA
330,the threat   anthrax   cdc  via   , NA
331,bioterrorism authorities allay glanders fears ahead of rio olympic equestrian test event  via   , NA
332,pendleton media office said only fire on base right now is the horno blaze   , A
333,love living on my own  i can blaze inside my apt or on the balcony  , NA
334,breaking firefighters battling blaze at east cary condo building   , NA
335,port coquitlam fire crews say an electric towel warmer started the four alarm blaze last week that destroyed several businesses   , NA
336,i liked a  video from   blaze   atgames handheld mega drives   ashens  , NA
337,property losses from california wildfire nearly double as week old blaze rages  the fire     _   , NA
338,omg i need to go like yesterday ????   , NA
339,lithgow news  homeless after blaze near portland   , A
340,montgomery come for the blazing hot weather   stay for the stds  yet another rejected city slogan   , NA
341,happening now   fdny rescue 1 blazing thru blasting the air horn     _   , NA
342,satelite shot  series of wildfires in northern california continue blazing  there are at least five fire compl      , A
343, california is hot but not blazing even though there are wildfires going on now  even the big massive rocky fire  , NA
344,nepal  this house near tia bleeding int       l airline companies dry      , NA
345,you can stab me in the back but i promise you'll be the one bleeding  , NA
346,you cut me open and i keep bleeding  bleedinglove leonalewis acapella singer canadiansinger     _   , NA
347,i waited 2 5 hours to get a cab my feet are bleeding  , NA
348,  the stabbing did not really affect her but she did get stab wounds and was bleeding skarlet then pushed him backwards    , NA
349, yes i'm a bleeding heart liberal   , NA
350, wraps a cloth on my wound but it's still bleeding 'i'll be ok ' falls to the ground as if i'm going to die  , NA
351, i defs will when it stops bleeding!  , NA
352,   saw that pileup on tv keep racing even bleeding  , NA
353,  remember when u were up like 4 0 and blew it in one game? u probs don't because it was before the kings won the cup  , NA
354,that stadium blew up!!  , NA
355,did anyone else see that fireball falling to earth? look like a plane blew up   , NA
356,lots of talk of how susceptible ny2 is to shoot blight with or without trama  wcfgt2015  , NA
357,help fight northern corn leaf blight with headline amp   , NA
358, so  wanted to see that info on blight u got  , NA
359,stamford tightens blight law  a dilapitated barn sits half erect on hickory road near the int     stamford topix  , NA
360,2 20 blight ?? every day  , NA
361,this is the red eye crossing the ocean peeling potatoes with servile devotion     blight!  , NA
362,detroit has made progress against blight but too many burned out shells of houses remain   , NA
363,the palestinian refugee tragedy is a blight on humanity  amp  should shame every israeli for living with it    , NA
364,  hi ashayo! i believe there will be vods on youtube after the presentation but there is nothing like seeing it live  )  , NA
365, blizzard of ozz  , NA
366,tweet4taiji is a dolphin worship group based on superstitions! just take a look at their tweets!  , NA
367, ?????????? ok ok okayyyyyy ima act right     bout to get this blizzard tho  , NA
368,i call it a little bit of your blizzard?  , NA
369,people with a tattoo out there   are u allowed to donate blood and receive blood as well or not?  , NA
370,can't believe more people in their mid 20's don't have high blood pressure  life is stressful  decisionsondecisions  , NA
371,ain't no hoe in my blood  , NA
372,seeing more blood and surgery than a regular gp behind a desk and they say dentists aren't  real doctors      ok  , NA
373,private thirsty night?sad blood rock'n roll? ??  , NA
374,it wasnt a very big stab but it was a deep stab and theres like blood everwhe  , NA
375, (1) russia may have played into reason but that link is bs   okanowa was bloody and mainline invasion looked like a bloody  , NA
376,bloody insomnia again! grrrr!! insomnia  , NA
377,'i came to kill indians   for fun'  video of smirking and remorseless pakistani killer shows him boasting    , NA
378,white family (supposedly representing america's great values ) gets blown up in a horrible cgi nuclear strike      lmfaoooo!!!!!!!!!!!!  , NA
379,on thisdayinhistory in 1862 confederate ship blown up by crew  read more  via   , NA
380,'if a truckload of soldiers will be blown up nobody panics but when one little lion dies everyone loses their mind'   , NA
381,deadly suicide bombing hits mosque in saudi arabia  a suicide bomber has blown himself up at a mosque in the s      , NA
382,even though bsg had been sufficiently hyped up for me in all the years i somehow delayed watching it i was utterly utterly blown away   , NA
383, went down i was beaten and blown up  then next thing i know ra al ghul brought me back to life and i escaped and for a     , NA
384, at first thought it was a blown up dvd as i'm pretty sure post mortem had been years back   , NA
385,3682 nikon d50 6 1 mp digital slr camera body 2 batteries carry bag and charger    200 00      _   , NA
386,?? new ladies shoulder tote handbag faux leather hobo purse cross body bag womens    , NA
387,7294 nikon d50 6 1 mp digital slr camera body 2 batteries carry bag and charger    200 00      _   , NA
388,  drake killing this dude and tea bagging the dead body at this point  , NA
389,bagging the last spot on body attack ?????? getin traintuesday lesmills  , NA
390, body bagging mfs  , NA
391,'i did another one i did another one  you still ain't done shit about the other one ' nigga body bagging meek   , NA
392,        ?????? no caption needed ??  freshman     nigga stacey body bagging niggas! ????  , NA
393,aubrey really out here body bagging meek   , NA
394,  when you call to report dangerous activity tell em to have body bags on arrival   , NA
395,rt hamosh84  this how the saudi is coming home from yemen in body bags  for what? saudi kingdom ego? you're loo     _   , NA
396,fairfax co  investigating firefighter khalil abdul rasheed for facebook post saying police shld be put in body bags    , NA
397,womens flower printed shoulder handbags cross body metal chain satchel bags pink    , NA
398,one of the top rt ed tweets in japan is a screenshot of a young person claiming to not know the 70th anniversary of the hiroshima bomb  , NA
399,'8 25pm (more or less  did my best w  little alterations) buttefire fire xe2 x80 xa6  , NA
400,'if anyone needs a place to stay  glory bound church in burson is housing buttefire shelter at glory xe2 x80 xa6  , NA
401,'headed to the buttefire in calaveras county  a huge plume of smoke is visible from hwy49  amp  hwy12   , A
402,'this amador county home is one of the hundreds threatened by the buttefire  owner stayed overnight xe2 x80 xa6  , A
403,if anyone needs anything let me know buttefire micasasucasa at valley spring's  , NA
404,'hanford remembers 911  kingscountyfiredepartment neverforget at anita barnett hair designs  , NA
405,'back at the buttefire this morning where firefighters are still working to knock down flames on mountain ranch rd   , NA
406,'reentry buttefire fire smoke smokey reentry returning sanandreas xe2 x80 xa6  , NA
407,'as seen from the driveway buttefire fire driveway smoke smokey xe2 x80 xa6  , NA
408,'mini roadblock buttefire fire firetrucks trucks smoke smokey at city xe2 x80 xa6  , NA
409,'tagging along with an animal evacuation team as they try to enter areas affected by the buttefire   , A
410,'hwy 29 is closed valleyfire at lower lake  california  , A
411,valleyfire at ray's food place  , NA
412,'pass this along to any in need of the info buttefire buttefire2015 at valley springs youth  , NA
413,'cruisers ice cream serving the volunteers buttefire2015 buttefire at community united methodist church  , NA
414,'buttefire buttefire2015 at good samaritan community covenant church  , NA
415,'pass this along to any in need of the info buttefire buttefire2015 at valley springs elementary  , NA
416,'pass this along to those that need it   buttefire buttefire2015 at taco bell  , NA
417,'choppers carrying water to the front line in san andreas butte buttefire firecontrol workinghard xe2 x80 xa6  , NA
418,'we can only sit and wait  watching the smoke close in on our little town  butte buttefire xe2 x80 xa6  , NA
419,goin' round (ftb  thursday) buttefire fire smoke smokey trees plane xe2 x80 xa6  , NA
420,'from the beginning (ftb) (thursday) bluesky plane buttefire fire xe2 x80 xa6  , NA
421,'from the road (ftb  thursday) buttefire fire smoke smokey trees xe2 x80 xa6  , NA
422,'darkness falls (ftb  thursday) buttefire smoke smokey darknessfalls xe2 x80 xa6  , NA
423,spokesman says people can't return to homes  it's too dangerous with power lines down  trees falling  etc  valleyfire , A
424,'68 homes have been lost in hidden valley  40 50 in rancho  preliminary reports  valleyfire' , NA
425,'highway 29 is still closed between tubbs and middletown  valleyfire' , NA
426,'nothing but burned houses'  residents flee homes as calif  wildfires rage california wildfires   , A
427,'just talked to neighbors who say elementary  middle and high school still intact  valleyfire middletown' , NA
428,'hardesters is still standing in middletown valleyfire' , NA
429,fire crews haven't been able to assess cobb very well due to downed trees  post office and hardesty's burned down  valleyfire , NA
430,the fire public info officer is surprised there isn't more damage given the wall of flames he saw last night  valleyfire , NA
431,'middletown neighbor wants people to know main street is standing and main core of town is here  valleyfire' , NA
432,'live from the valley fire for cbs news  newslife photoglife kpix5 kcal9 cbsnews valleyfire   , NA
433,it's a red moon for real but i took the pic anyways valleyfire at the asylum lol  , NA
434,'smiles  boats and pigtails  before the sky turned to ash  praying for the firefighters and people xe2 x80 xa6  , NA
435,' main and washington is fine  valleyfire' , NA
436,' this is across from the baseball fields   ((( valleyfire  , NA
437,'no power valleyfire at the asylum lol  , NA
438,'chasing fires up here near calistoga  newslife photoglife kpix5 cbsnews valleyfire at hidden valley  , NA
439,' this corner of main and lincoln gone  others standing  valleyfire  , NA
440,'after covering the buttefire since last thursday i finally have some time to share some images that xe2 x80 xa6  , NA
441,'good to know    buttefire at glory bound fellowship  , NA
442,'hoping for no more casualties in this horrific valleyfire  call 1 800 513 3333 to donate' , NA
443,just talked to owner of hardester's market in middletown  open to provide normalcy to those who stayed  valleyfire , NA
444,'valleyfire general information  , NA
445,a midsummer night's dream  wildfire at middle town  , NA
446,'just talked to a woman on powder horn who stayed through the fire  they used garden hoses to fight it off  hvl valleyfire' , NA
447,'pg says there are more than 7 000 customers without power due to valleyfire' , NA
448,'sunrise at clearlake  some clear sky after valleyfire at clear lake  , NA
449,'she told me the lot across the street was in flames and propane tanks were exploding  valleyfire' , NA
450,' there out go valleyfire  , NA
451,'please check out the redcross website below  amp  help the people of lake county  valleyfire  , NA
452,'officer powell is incredible  so positive and kind  there are good ones out there  thank you for your service  buttefire prayforbutte' , NA
453,'hwy 29 open to those w  id noon to 5  valleyfire' , NA
454,'lake co  sheriff only escorting ppl back to homes for 15 minutes to take care of pets  no other reasons  ppl have to sign up  valleyfire' , NA
455,'ppl are gathering at kelseyville hs and lower lake hs for pet escorts valleyfire' , NA
456,'spread the word  redcross has a toll free information hotline for residents impacted by valleyfire   (855) 224 2490 ' , NA
457,today's office  calfire sation60 middletown calfires at fire depts xe2 x80 xa6  , NA
458,'want to help the evacuees of the valleyfire? donating to the red cross is the best way   , NA
459,'andersonsprings valleyfire napa at anderson springs  , NA
460,'nothing left  valleyfire andersonsprings at anderson springs  , NA
461,'september 15  2015   the fire situation report   youtube updated valleyfire status  , NA
462,'middletown destruction painful for residents and firefighters  , NA
463,'my thoughts are with everyone affected by the valleyfire  to offer donations or to find support  please visit   , NA
464,this was someone's home now this is all they have to come back to  valleyfire andersonsprings   , NA
465,a power pole that is on it's last leg  valleyfire andersonsprings at anderson springs  , NA
466,' on site at butte fire northern ca making a relief run taking care of business cawilfires  , NA
467,'today sep  16  2015 valleyfire at moose lodge 2284 women of the moose 1691  , NA
468,'soggy moose lodge   valleyfire  , NA
469,'singed but still standing  valleyfire starsandstripesforever signofhope ktvu at middletown  xe2 x80 xa6  , NA
470,'mt  customers in ca affected by the valleyfires  pls let your nearest bofa know how we can help w your financial needs ' , NA
471,'wet driveway!! xf0 x9f x98 x8a rain  xe2 x98 x94 valleyfire  , NA
472,"'""what 's that wet stuff out there?"" ""gold "" valleyfire  ", NA
473,'day 7 at the valleyfire   total devastation  at mountain home services  , NA
474,"'valleyfire victims still banned from going home but some managed to put up ""thank you firefighters"" signs   ", NA
475,'cops concerned that looters are posing as reporters  just got pulled over in hidden valley after valleyfire   , NA
476,'trash and burned buttefire ash aftermath garbagecans trees forest xe2 x80 xa6  , NA
477,'remodeling buttefire destroyedstructure destroyed fire ash burned xe2 x80 xa6  , NA
478,'a demonstration buttefire firetruck firemen nephews xe2 x80 xa6  , NA
479,'view of staging area for crews doing repairs to infrastructure helicopter flight   valleyfire middletown  , NA
480,'balding buttefire fire burned burnedland trees notourland xe2 x80 xa6  , NA
481,four wheelin' buttefire burnedland fire ash burned charredarea xe2 x80 xa6  , NA
482,'unhinged buttefire fire damaged burned burnshed sheddoor door xe2 x80 xa6  , NA
483,'stands no more buttefire fire burnedland destroyed xe2 x80 xa6  , NA
484,the hill's not alive buttefire fire burned burnedland trees xe2 x80 xa6  , NA
485,'hope in even in a time of devastation  buttefire prayforbutte mountainranch at mountain ranch  xe2 x80 xa6  , NA
486,'valleyfire evacuees thankful for red cross support   youtube  , NA
487,'firefighter from humboldtfiredepartment lays down on a bench at library park in lakeport xe2 x80 xa6  , NA
488,valleyfire evacuees at hardester's market  getting back 2 normal after return to middletown more on   , NA
489,what's the meadow with you? buttefire fire burned burnedland xe2 x80 xa6  , NA
490,'franchise tax board at lake county lac to assist w tax ?s  stop tax collection actions  amp  waive copy fees  valleyfire  , NA
491,'the lake county lac is full of agencies to serve community mbrs affected by the valleyfire  see full list here   , NA
492,'our ranch manager unloads two tons of alfalfa we donated to valleyfire animals  armyofkindness xe2 x80 xa6  , NA
493,'make mine dry buttefire fire burned burnedland burnedmeadow dry xe2 x80 xa6  , NA
494,'follow the ash covered ground buttefire fire ash ashcovered burned xe2 x80 xa6  , NA
495,'fireinthesky bakoskies sundown sunset california home brownstone sanjoaquinvalley at the xe2 x80 xa6  , NA
496,'california bakoskies palms southvalley sanjoaquinvalley fireinthesky sunset sunday socal xe2 x80 xa6  , NA
497, you're so cute dude xf0 x9f x98 x8a xf0 x9f x98 x8a xf0 x9f x98 x8a xf0 x9f x98 x98 xf0 x9f x98 x8d love you firehotmami , NA
498,'   open    mountainhighcoffee survived the valleyfire!!! visit them on cobb   nhs graduate and xe2 x80 xa6  , NA
499,'another south lake firefighter  amp  original gangsta doing work with the circular saw  cutting into a xe2 x80 xa6  , NA
500,"   ""gotr   fuel stop  no rain  no humidity  sunshine and blue skies! (at bp in ainsworth   ia)  ", NA
501,weird   but beautiful   sunset tonight after the storm  nofilter  , NA
502,just watched roofing get ripped off buildings in mt pleasant   ia with power flashes  dangerous storm! , A
503,weird   but beautiful   sunset tonight after the storm  nofilter  , NA
504,tornado watch!  , NA
505,ahh the smell of rain    , NA
506,before the rain fairfest fairfield at fairfield arts and convention center  , NA
507,there's a storm coming and i'm going to work    at gabe's gun shop  , NA
508,tornado watch likely to be issued in iowa  going to wait in victor   ia for something to really get going   , NA
509,the calm after the storm  clouds weather at beadle's home  , NA
510,yaaaaaaay  storm                   , NA
511,hydrangea are beautiful this year with rain  annabelle is still one of my very favorites   , NA
512,can it hurry up and storm                                      , NA
513,rain delay  part deux  beer 5 or something    drinking a busch light at twin pines golf course    , NA
514,mammatus clouds over mt  vernon   iowa   post storm  at lincoln winebar  , NA
515,rain delay  this is 3 though      drinking a busch light by  at twin pines golf course         , NA
516,dana is currently driving into a storm just to get a new selfie stick  , NA
517," is a port in the storm that is modern ""country music"" realcountrymusic ", NA
518,i did work today but now just sitting waiting for more rainstorms (at the neil house in denver   ia)  , NA
519,  or they call during thunderstorm and say hey that field can be sprayed now! , NA
520, storm rebuilt off to west! no hail here thankfully  lots of unneeded rain tho  , NA
521, getting pounded at dewitt  looks like the rain train coming along hwy 30    , A
522,tornado warning including davis county   ia until 6 30 pm cdt  , A
523,tornado warning including bloomfield ia   pulaski ia   drakesville ia until 7 00 pm cdt  , A
524,tornado warning including bloomfield ia   pulaski ia   drakesville ia until 7 00 pm cdt  , A
525,tornado warning including davis county   ia until 7 30 pm cdt  , A
526,tornado hunt w  stormchasers tiv cinematography imax iowa at iowa city   iowa  , NA
527,i can't possibly be the only one who wants to go and sit in the storm  , NA
528,tracking tornados today traveling through wisconsin illinois iowa stormchasers tiv imax        , NA
529, stay safe that storm has done some damage in iowa , NA
530,tornado warning including albia ia until 6 15 pm cdt  , A
531,tornado warning including lovilia ia   hamilton ia   marysville ia until 5 45 pm cdt  , A
532,tornado warning including blakesburg ia until 6 30 pm cdt  , A
533,tornado warning including monroe county   ia until 6 15 pm cdt  , A
534,currently at isu   there is light rain and it is 75f  tomorrow it will be mostly sunnyand a high of 81f and a low of 60f  , NA
535,why are tornadoes even a thing          , NA
536,this was amazing  aurora auroraborealis bucketlist northernlights solarstorm boom iowa  , NA
537,my first time seeing northern lights! pretty amazing solar storm! northernlights aurora  , NA
538,tornado warning including adair county   ia until 7 45 pm cdt  , A
539,tornado warning including adair ia   fontanelle ia   casey ia until 8 30 pm cdt  , A
540,tornado warning including redfield ia   dexter ia until 7 45 pm cdt  , A
541,tornadoes   last thing you expect while trying to fish! at i 80 west bound  , A
542,no bb spoilers! i'm dealing with this all night!                                     stormynight thankgodforwine tornadoes        , NA
543,iowa fun tornadowarning shelter familytime besafeeveryone weatherbelike myaisawesome at desoto        , NA
544,"driving home in a wicked storm   harry kept saying   ""did you see dat? did you hear dat? why it raining?"" parenting iawx ", NA
545,had to bail south to get away from the storm  we may have just missed a quick little spin up   too  , NA
546,      do you like walking in the rain? when you think of love do you think of pain?        at this mess was        , NA
547,having a dog and rain don't mix    my dog is all muddy and smelly now          , NA
548,storming pretty bad here where i live! our neighbor and her son are over  he freaking out because he afraid of there being a tornado! , A
549,tornado warnings and spooky skies are a lot scarier here in cyclone country                                          at iowa state        , NA
550,no sacks today! storm f73 purplepower eastiowastorm at independence schools  , NA
551,"iawx   nwsdesmoines significant flooding here in cumming  3 96"" of rain fell  this pond is twice what it normally is  ", A
552,well i need to find another way to our location working flood desmoines cornfields at van meter   iowa  , NA
553,"2 minutes of rain and the park clears out lol  na   ""rain gardens for recess  millbridge earns  2  000 grant from sustainable jersey    ", NA
554,the mud and rain didn't stop us  firefly2015  tooturntsally trippyc k steelcondors at firefly        , NA
555,please don't rain tomorrow , NA
556,through the rain   mud   exhaustion   heat   crazy lightening storm   blisters   and many other struggles        , NA
557,severe thunderstorm warning including florence nj   tabernacle nj   lumberton nj until 7 30 pm edt  , A
558,storm was fucking gay , NA
559,stormsabrewin at hoodlynne  , NA
560,at the calm after the storm  , NA
561,atlanticcity at dusk during a thunderstorm creepy tropicana at tropicana hotel  amp  casino  , NA
562,effin rain atlanticcity , NA
563,stormy socks for stormy weather                                          livingroyal socks livingroyal thunderstorm        , NA
564,vscocam in between the storms is where you grow and find the beauty  creationscreamshisname        , NA
565,"there's a storm going on and ""someone"" is very scared  he jumped on top of my bed   which   he ever        ", NA
566,thunderstorm windy rain thunder lightning nature damnnatureyouscary at marlton   new jersey  , NA
567,bitch ass storm , NA
568,mt  laurel  omg what a storm  , NA
569,i'm in the tornado warning ready to film! , NA
570,rolling down the street in my grams wheelchair during that storm was the thrill of a lifetime  , NA
571, was in mt  laurel for tornado warned storm  saw the wall cloud mile to my south  had 70mph winds and now crazy lightning , A
572,it's raining it's pouring    storm nj thunderstorm , NA
573, was one mile north of circulation in south jersey warned cell  saw rotating wall cloud and had rotating rain curtains  , A
574,severe thunderstorm warning including penn state forest nj   wading river nj   new gretna nj until 7 30 pm edt  , A
575,does dominoes deliver pizzas during tornado warnings? , NA
576,beautiful sky  i think mother nature felt bad after that insane storm hurricane tornado southjersey        , NA
577,lol niggas was hype as hell to get that storm in they story         , NA
578,red skies at night   sailors delight    crazy weather   beautiful sky! beautiful nature storms        , NA
579,the colors in the sky after a storm are unreal  hope everyone stayed safe  skyporn windowview        , NA
580,after the storm                                                     thunderstorm tornadowarning raninitfor3minutes safe icannowbreathe   , NA
581,last hotel  driven through an amazing thunderstorm  trees down and currently no power (at  mt laurel)  , NA
582,at mullica river  , NA
583,currently what my view looks like in south jersey medfordsucks tornado clouds wesurvived   , NA
584,i had to catch a pic this is a wonderful look after the storm!! at mcguire air force base  , NA
585,nofilter afterthestorm sopretty peaceful calmafterthestorm at hotel hayes  , NA
586,yikes!!! weatheralert tornado besafe shelter at wegmans  , NA
587,tornado warning including springdale nj   greentree nj until 6 30 pm edt  , A
588,tornado watch but still hitting up wing night         , NA
589,20 rt's and i'll run out naked in this storm bet , NA
590,right as the storm crossed the delaware river  at the victor lofts  , NA
591,the calm before the storm    hoping it holds off until i get home        camdenwaterfront at camden waterfront  , NA
592,tornado warnings scare the shit out of me  i don't dig this man  , NA
593,pool inbeforethestorm summer snapchat at yay   there's a pool!  , NA
594,tornado warnings   fun  , NA
595,chased my dog in this dumb ass storm im ready to kill him (   ripbuster , NA
596,look fake! calm after the storm     , NA
597,that was one crazy storm!! too close for comfort   fox29 abcnews at cherry hill township  , NA
598,today's workout was cut short by a tornado warning          a little cardio followed by only a little legs        , NA
599,seeking refuge from a killer storm also we wanted mexican (at qdoba mexican grill in cherry hill   nj)  , NA
600,storm is gone   but the sky is still evil  at the victor lofts  , NA
601,got kim and i home safe  still thundering and lightning but the rain has stopped and there's lots of downed     , NA
602,the calm after the storm campgsc phsr at pine hill scout reservation  , NA
603,did you ever see such a sky? storm tonite  we came from out of the theater and all stood there like        , NA
604,right after the storm tore everything apart nofilter fullrainbow at atco tornado  , NA
605,we needed food          at tornado watch                   , NA
606,after a hurricane comes a    hope everyone's family and property are safe out there at daniel        , NA
607,p up wife after tornado!                                 (at new jersey motor vehicle commission in turnersville   nj)  , NA
608,severe thunderstorm warning including bear de   springdale nj   cherry hill mall nj until 6 30 pm edt  , A
609,i was waiting for the storm at the door                          at live from the ville  , NA
610, in the tornado warning right now! our fence broke and trees are everywhere! , NA
611,looks like we were hit with a hurricane hurricane thunderstorm summerstorm stormchaser pilates        , NA
612,severe thunderstorm warning including bear de   springdale nj   cherry hill mall nj until 6 30 pm edt  , A
613,the calm after the storm  at lake narraticon  , NA
614,the calm after the storm!! sunset peaceful calmafterthestorm at dream park gloucester county  , NA
615,post tornado  , NA
616,no go through eastgreenwich after tornado goes through powerlines down  nofilter at eglington        , A
617,yes   we're in there somewhere mickleton tornadowxmassivedestructioneastgreenwich   , NA
618,when you scared af you gonna die in this storm , NA
619,south jersey was a warzone   with a tornado warning to boot  trees were in the middle of rt 55         , A
620,a pretty sight after a savage storm at executive auto sales  , NA
621,calm after the storm  , NA
622,bad storms rolled through   possible tornadoes   power out to about 300  000 homes in the tri state area   at least it cooled off , NA
623,kevin said he will stop the storm with he force! starwarskid odonnellfamily kevinjacob at sawyers        , NA
624, good morning ms karen! better storms hit our area last night  we are good though! have a great day! , NA
625,this rain is for the birds!!!! headed your way jersey monsoon at welcome to new jersey  , NA
626,trees take out power lines and close 12th street in hammonton from yesterday's storm  acpress  , A
627,storm clean up crew!                                an awful storm swept across south jersey and        , NA
628,just had the most insane storm last night in the nj pa area  i think we got a little taste of oklahoma and texas  tornado njtornado , NA
629,sunset after the storm! thunderstorms sunsets beauty beautyforashes nature godsgift greatness        , NA
630, mammatus clouds following last nights storm part 2  , NA
631,tornado knocked out train power and i can't go to work till its restored    better play starcraft! , NA
632,"after the sudden and damaging storm in cherryhill nj last night          ""within 90 seconds calm to        ", NA
633,some of the after storm clean up pics    starting with the small stuff      , NA
634,post storm sky   the crazy wawa parking lot because it was the only one with power   and a rainbow to        , NA
635,one of my favorites from the new jersey storm  at cinemark 16  , NA
636,most of the town still w o power tnx to last night's storm  deptford mall is confirmed to have gotten hit w  a     , A
637,hope everyone is alright after that storm  minor damage to our property but nothing major  still no        , NA
638, from yesterday's storm in sicklerville   nj   , NA
639,from last night storm lightning bolt rain tornado windy cold weather mothernature cool   , NA
640,aboutlastnight abouttoday                  theres damage everywhere!!! thelastdays at after tornado 6 23 15  , NA
641,experiencing a tornado   a hotel without power and being forced to move to another hotel when everything is     , NA
642,today's better than a tornado warning for writing a personal statement   i think   , NA
643,flood control clementon   nj  50 off emergency service (off  clementon water extraction  amp  damage restoration coupon , NA
644,smh this storm got trees ripped out of there roots  of course hit babes mom crib smh tree gone! ctfu , NA
645,day two tornado aftermath in southjersey telephonepoles downnn and out at samuel mickle elementary        , A
646,the potts family of washington township considers themselves lucky    the storms pushed over trees        , NA
647,lines   trees down in washington twp  lots of storm cleanup ahead today   , A
648,downed trees in southjersey tornado house looked ok though at peter's barber shop  , A
649,no wifi bc tornado , A
650,this is how to survive mickleton eastgreenwich straightlinewind wx tornado markziti        , NA
651,the storm was so bad down here that the mcdonald's and dunkin' donuts are closed that's saying something , NA
652,oh i never posted a picture of the storm coming while we had no power at work  ) at gillians ocean        , NA
653,just 2       days away  see you at the finishline runners world  rain or shine! online registration end        , NA
654,my hops frame after the vicious storm yesterday  75mph straight line winds were reported  she bent          , NA
655, jody   kris bryant taken out of cubs vs dodgers game   could this be hamels trade?? hope u made it okay in storm we got power back , NA
656, i survived the storm with power   i get back and no power  my phone was dead so i'm charging it in the car          , NA
657,2 nights ago the tornado made a tree collapse on my room while i was in it and im lucky to be alive        , A
658,this rain making me not wanna do shit , NA
659,rain bmsq                 , NA
660,brandy drain rain side cat bride blend sin yen diner sat candle let bet title star dart slide , NA
661,several homes here in mantua are condemned following tuesday night's storm   , NA
662,whenever there's a storm   you just have to go back over the rainbow to find home                                  , NA
663,gas is 243 dam i was paying 237 dam storm (at pioneer in woodbury heights   nj)  , NA
664,south jersey in panic mode after the tornado wallmart clearedhouse at walmart woodbury   cooper st  , NA
665,the storm!!!! it took out the power   we hope   just until tomorrow but we are being told it may la      , A
666,damage in mount royal from tuesday storm    , A
667,mi gente el after party del concierto de romeo santos rain or shine sera robertsrooftop trump taj        , NA
668,sticking to my tradition of only racing in 90  degrees or storms    please check out the link in my        , NA
669,this rain won't ruin our fun! doac          at the world famous atlantic city boardwalk  , NA
670,well i know i'm not the one you thought you knew back in high school sum41feels at rain sucks kinda  , NA
671,this rain better stop!          at back bay ale house  , NA
672,because rain or sunshine having fun is the ultimate goal                  beachglow highcheekbones widesmiles        , NA
673,stormy seas storms waves atlantic longport beach newjersey at longport beach 30th street  , A
674,zsa zsa is having a cat tastic rain day   , NA
675,at 8 05 pm   buena  atlantic co   nj  911 call center reports flash flood phi  , A
676,the frogs who sounded like equator cocquis this spring are all growed up and loving the rain swelling        , NA
677,at 10 40 pm   folsom  atlantic co   nj  mesonet reports heavy rain of 3 47 inch phi  , A
678,flooding   caution in hammonton on us 206 both nb sb between us 30 and myrtle st traffic  , A
679,when you have to walk in the rain  lt  , NA
680,aside from the dope music that is inspired by rain   it's hard to be a fan of this weather       road        , NA
681,at 11 35 pm   shamong twp  burlington co   nj  mesonet reports heavy rain of 2 43 inch phi  , A
682,at 11 35 pm   chatsworth  burlington co   nj  mesonet reports heavy rain of 4 07 inch phi  , A
683,our love is so right  forget the clouds that rain down on you           dmb wdntlkvwls smmrvctn2015   , NA
684,beat the rain  strava pmc2015  , NA
685,damn gonna rain all day          , NA
686, lets do something today this rain bms , NA
687,thanks for literally weathering the storm and coming to visit me! you're the best   ily                      at long        , NA
688,damn rain! beachglow2k15          at atlantic city boardwalk  , NA
689,dave matthews band!!! in the pouring rain          (at susquehanna bank center    in camden   nj)  , NA
690,a strong thunderstorm will affect west central atlantic    southeastern camden   southeastern salem   southeaste     , A
691,coastal flood advisory in effect until 3 am edt sunday    the national weather service in mount holly has issued     , A
692,that moment when its a storm outside   your tires are bad   you live in jersey but refuse to miss a chance to network with  , NA
693,a strong thunderstorm will affect southeastern burlington    atlantic   ocean   northeastern gloucester and east     , A
694,dmb2sets         !!! in the rain                 !! (at susquehanna bank center    for dave matthews band in camden   nj)  , NA
695,tonight's dmb show already much better than last night's   and that's even counting the rain  music        , NA
696,frigid pouring torrential downpour rain aside   dave matthews show tonight was awesome         , NA
697,we only got to see dave matthews band for like 30 minutes thanks to the rain i'm so sad at susquehanna        , NA
698,the rain was insane but so was davematthews so it was so worth it!                                                  at susquehanna bank        , NA
699, newark new jersey   united states 17 0    c   62 6    f humidity  93  light rain  , NA
700,today is full of rain  smiles  amp  happiness  starting it off by supporting g in her swim meet            , NA
701,g swim meet   in the rain                                  (at brookside recreation club in glassboro   nj)  , NA
702,rain rain go away waltercronkatnj carlyskitchen casacarlyq weather caturday cats catlady        , NA
703,another storm is comin                                                 ilovehashtaggingemojis nj cloudporn skyporn clouds going        , NA
704,mma hundreds lose power after storm hits nj     via  , NA
705,soccer in the rain (at sheldon field in hackettstown   nj)  , NA
706,guess it rained last night     rain reflections justshoot at oceanna  , NA
707,at 1 36 am   folsom  atlantic co   nj  mesonet reports heavy rain of 3 49 inch phi  , A
708,storms moving out      challengeac triathlete swim bike run 140point6        , NA
709,mma how much rain fell on your town in last night's storm?     via  , NA
710,at 8 00 am   atlantic city intl airp  atlantic co   nj  asos reports heavy rain of 3 90 inch phi  , A
711,at 4 25 pm   hammonton  atlantic co   nj  social media reports flash flood phi  , A
712,sold out  due to storms! heading home  see you tomorrow! monday , NA
713,"when you've got the victory in jesus   you're on the ""inside circle"" of life   the eye of the storm and        ", NA
714,rain or shine   it's wedding time  congrats again to kyle and jay! armstrongvalleywinery        , A
715,the rain didn't stop us from being on top of the world last night at imagine dragons                                 at section        , NA
716,at 2 00 am   mount holly wfo  burlington co   nj  nws office reports heavy rain of 2 15 inch phi  , A
717,at 5 00 am   medford  burlington co   nj  mesonet reports heavy rain of 2 20 inch phi  , A
718,drinking a highwater hefeweizen by  at          photo , A
719,drenched in rain and memories  randrew2015 tradingvowelsforvows newlyweds vsco vscocam   , NA
720,  yes we had 2 98 inches of rain good to see we have sunny day on the way   ) , NA
721,drenched in rain and memories  randrew2015 tradingvowelsforvows newlyweds vsco vscocam   , NA
722,at 5 00 am   blue anchor  camden co   nj  mesonet reports heavy rain of 2 16 inch phi  , A
723,this sums up our experience at dave in the rain  dmb camden dryasfuck at susquehanna bank center        , NA
724,thanks everyone who came out lastnight in rain          i felt loved           my family and friends are the        , NA
725,partaaayyyyy on ! at rain or shine i dont care  )  , NA
726,that weekend storm really caused some condo leakage          , NA
727,blocked due to storm damage in gibbstown on harmony rd both nb sb between i 295 and hwy 44 traffic  , A
728,road closures still in effect in gloucester county following last week's storm   harmony rd here in gibbstown    , A
729,on of my favorites from a rainy wedding at harbor pines this weekend  rain night photography        , NA
730,christie n j  storm response 'unacceptable  ' officials say   cherry hill   nj patch  , NA
731,riversharks rain at camden river sharks stadium  , NA
732,the sky needs to stop lookin so angry! creepy clouds darkskies storms crazyweather vscocam   , NA
733,life isn't about waiting for the storm to pass   it's about learning to play ball in the rain                , NA
734,flash flood watch in effect until 6 am edt early this morning    the national weather service in mount holly has     , NA
735,gusty winds and heavy rain accompanying a thunderstorm    at 249 am edt   a strong thunderstorm was over philade     , NA
736,yesterday's swim meet during a flood warning  amp  tornado warning                              at lopatcong pool  , NA
737,golfie waiting it the rain pine nj  golf at blue heron pines golf club  , NA
738,rain day doac liveblogging watchthetramcarplease                                jerseyshore   , NA
739,working in cape may landscaping when it started flooding  long wet drive home early  fell asleep on my floor before making it to the shower!  na   holy shit earthquake !!! , NA
740,omg theres a earthquake , A
741,fuck you earthquake  you dropped my favorite mug  , NA
742,omg tweeting as this earthquake is happening car alarms going off oh fuck , A
743,that was huge earthquake'__ , NA
744,whee! that was a fun earthquake  , NA
745,ahhhh i hate earthquakes ( , NA
746,omfg literally i woke up seconds before the earthquake im so happy , NA
747,oh my god an earthquake just happened and i first though someone was moving my bed to fuck with me , NA
748,oh my god i just felt the scariest earthquake in life  and i'm alone  , A
749,i knew twitter was gonna blow up with earthquake posts , NA
750,just ran to my parents room like a little girl over this earthquake my bed was going crazy ahaha , NA
751,whoa   that was a nice wake up call  earthquake , NA
752,after spending the last hour cleaning up dog shit   an earthquake happens  lovely  imgoingtobed , NA
753,damn   nice earthquake holy shit , NA
754,first thing i did after feeling an earthquake    check twitter , NA
755,earthquake 4 5 0 earthquake just felt , A
756,whoa that earthquake was huge  hope everyone is ok  hiding under my desk in case of an aftershock    , NA
757,did i just feel a quake in marin ca? no damage here   but it lasted a long time  quake , NA
758,disadvantage of california  3am earthquakes , NA
759,one thing about an earthquake  you can always count on people talking about it on social media immediately afterward  , NA
760,wow that was huge  everyone alright  earthquake pinoleca , NA
761,       moderate earthquake in sf           earthquake woke me up and i unlocked iphone to post this tweet  sanfrancisco , NA
762,big earthquake just now in san fran  probably 30 seconds  , A
763,99  sure i just woke up to a legit earthquake? sanfrancisco? , NA
764,earthquake! always fun to wake up to the apartment shaking like pudding    , NA
765,i'm just trying to play some 3 30 am fifa and an earthquake just scared the shit out of me lol , NA
766,earthquake felt up here in guerneville  , A
767,twitter   faster than usgs earthquake , NA
768,my mom and i spent hours earlier laughing about how i'd be the first to go in an earth quake    i just got woken up by an earth quake  , NA
769,anybody just feel that earthquake? woke us up  no damage  , NA
770,pathetically small earthquake  we can do better! , NA
771,s o to the earth quake for waking me up just as i was about to fall asleep ilycalifornia , NA
772,also  i thought dogs were supposed to sense earthquakes before they happened  monkey just snored right through it  , NA
773,my pictures just fell off the wall onto my head  happy 3 30am earthquake! , NA
774,earthquake in sanfrancisco just now! scary! , A
775,first californian earthquake experienced  at 3 20 in the morning  not that i have an early start tomorrow or anything universe  bucketlist , NA
776,first earthquake i've felt in the new place  pretty long   about 20secs   woke me up  no damage   no rattling of stuff  soma sf , NA
777,just got woken up by a large earthquake in petaluma   ca! our family is okay   but that was crazy  now back to sleep   if possible  , NA
778,damn   that was a pretty big earthquake!!! hoping everyone is ok  , NA
779,the mug fell on carpet and had nothing inside  no damage  okay i just wanted to tweet about the earthquake   so what  , NA
780,guys there was an earthquake rn , A
781,almost did those earthquake precautions and was about to go under a computer desk , NA
782,"literally said ""holy shit that's a big earthquake""  hope everybody is okay! ", NA
783,think we just had an earthquake! vmworld wtf! , A
784,i think i have super senses because for some reason i woke up right before the earthquake         , NA
785,the water in my pool is still splashing out from that earthquake          , NA
786,long and fairly intense earthquake in the marina just now! , A
787,we even felt the earthquake in mountain view  very unusual  earthquake mountainview , NA
788, that earthquake was a baby one          they can get scary real quick , NA
789,earthquake! whew! that was a good one  scared the shit out of me , NA
790,anddd now all the earthquake tweets  but really   the night before the wedding? it's fine i don't need sleep anyway  , NA
791,big earthquake sf , A
792,that was the real deal  woke me up  rattled all the glasses and shook me on my friends's couch! earthquake , NA
793,earthquake in the bay area  felt in danville  shakey   shakey  , A
794,well now i'm wide awake    earthquake , NA
795,whoa! the earth just shook  small earthquake in san francisco  , NA
796,wow    that was one big earthquake , NA
797,wondering how many people were still up at 0320 when earthquake and tweeted   vs woke up and tweeted , NA
798,good morning to you too california  quake , NA
799,holy molly! an earthquake just woke me up    we get them all the time   but this was clearly bigger sanfranciscoliving , NA
800,earthquake woke me up just a few minutes ago  quake earthquake sanfrancisco , NA
801,decently large earthquake here in sf  , A
802,wait was that an earthquake i'm so confused , NA
803,wait did anyone feel the earthquake , NA
804,well   first earthquake in sf   everybody okay?? , NA
805,well that woke me straight up  wow           earthquake , NA
806,bruh   i almost died off that earthquake  that shit was scary    hella long   and hard           , NA
807,lmao that fuckin earthquake just rolled me off my bed and to the floor                                  , NA
808,i felt the quake went under something but then i went back to get my phone          , NA
809,yep   we felt that one  earthquake woke us up! rattling but nothing fell  , NA
810,hope everyone's okay  call a friend  stay calm  earthquake , NA
811,i'll admit   that earthquake scared the shit outta me    firstexperiance , NA
812,we are cali people now  myfirstquake , NA
813,earthquake! wouldn't have felt that if the kid wasn't up  , NA
814,every drunk person just had a sigh of relief when they saw it was an earthquake , NA
815,earthquake at 3 25 am , A
816,i hate earthquakes   that was a pretty strong one  , NA
817,that earth quake scared the shit out of me i was just starting to actually fall asleep          , NA
818,just had a quake in sf     , A
819,sooo   do we go back to sleep now? earthquake , NA
820,experienced our first apartment earthquake  you're missing out  and  sfearthquake , NA
821,holy shit  that was the longest quake i've felt in the bay  (circa 2000) hope everyones ok  , NA
822,whoa earthquake in sf  definitely feel able but not dangerous    , NA
823,earthquake woke me up bed moving  , NA
824,whaoh  first california earthquake! shakennotstirred , NA
825,"felt it too rt earthquake! searching for details now at 5 22am"" ", NA
826,  earthquake in california !! , A
827,now a wake thanks to the earthquake    , NA
828,wtf!!! biggest earthquake evr! mutha fucka woke me up! , NA
829,hey california! happy 3 something am   always love a good earthquake  , NA
830,earthquake felt quite strong in santa rosa  , A
831,not sure how you found the exact resonance of my mattress   but good morning to you too earthquake! , NA
832,just experienced a pretty noticeable earthquake that shook up a lot of stuff around the apartment  sf , NA
833,holy shit i was freaking out cos my bed was shaking and i wasn't sure if it was an earthquake or the train going by cos that shakes my house , NA
834,this is my earthquake tweet  earthquaketweet , NA
835,officially a californian   just woke up to my first earthquake! sfo earthquake sanfrancisco , NA
836,haha i'm glad my tv didn't fall off my wall i would of been pissed earthquake , NA
837,tf    i thought it was bc i was drunk but it was an earthquake   bish  , NA
838,did   anyone   feel that earthquake omfg  , NA
839,well   good morning  earthquake , NA
840,ugh i hate earthquakes          , NA
841,wowza! that was a long earthquake    loud as well  petaluma , NA
842,lmao  damn it guys  we have this whole earth quake and we all go to twitter  , NA
843,first sf earthquake at our new place   30 seconds long   woke us up but doesn't appear to have been too powerful  , NA
844,stop waking me up stupid earthquake! , NA
845,i'd love fo say that i rode that earthquake like slim pickens   but i'm actually just a big scared baby , NA
846,just had an earthquake in marin  shaking but no damage  , NA
847,my first ca earthquake not on amusement ride! actually more amusing since i was already awake on a couch reading about olympic lifting   , NA
848,my mom was screaming throughout my house saying get up earthquake and i pretended to be asleep the whole time , NA
849,sf is definitely shaking  this site is broken  earthquake  , A
850,just had a mild earthquake last in about 60 seconds! , NA
851,either we just had an earthquake or i'm still drunk , NA
852,hi friends   did not see you guys on twitter this hour before  sf earthquake , NA
853,anyone else get woken up by the earthquake or am i just a lightweight when it comes to this? , NA
854,ah yes good morning california earthquake , NA
855,that earthquake was so unnecessary , NA
856,woken up by a pretty long earthquake here in the marina  watching twitter universe to see how big it was    , NA
857, a 6 1 magnitude earthquake occurred 3 73mi wsw of american canyon   california  , A
858,i shall call that my birthday quake , NA
859,love that i can get my earthquake news from  that's just 2 legit   2 legit a shift  , NA
860,hold fuck i just got woken up by that earthquake   the most terrifying experience ever  wereallgnadie , NA
861,i definitely had wrong reaction to that earthquake , NA
862,when the earthquake doesn't wake your parents up    wut , NA
863,damn that earthquake just interrupted some good slumber , NA
864,nursing my toddler when an earthquake hits  biggest quake i've felt since i was a kid in so cal! , NA
865,that earthquake knocked my teddy bears down          , NA
866,wow        just in  6 1 magnitude earthquake rocks american canyon   california   usgs reports    , A
867,if long and slow deep rolling then it's big somewhere else  so where was it? earthquake , NA
868,oh my god longest scariest earthquake i fucking hated that , NA
869,oh my    visiting ryan and we just had quite an earthquake! ! yioes   trying to get info  all ok    , NA
870,dude  felt that shit here in oakland  the birds just flipped the fuck out  earthquake , NA
871,1300 retweets in two minutes?! okay   my next startup idea is an earthquake  , NA
872,so no one back home felt the earthquake im assuming , NA
873,i thought pets were supposed to warn you in the event of an earthquake  sophie is snoozin' at the foot of bed and not a peep from martini  , NA
874,totally felt that earthquake at 3 22am! my guess? close to a 5  will wait for the usgeology folks to verify  california , NA
875,my home was shaking terribly due to earthquake earthquake , A
876, just had an earth quake  shook hard enough to wake everyone up    , NA
877,bay area earthquake at 3 20am?!! ommmmggg , A
878, bitch ass earthquake woke me up! , NA
879,3 22am just experienced my first earthquake in sf    naturally i feel the need to share this with the twitter community , NA
880, we felt it in richmond  quite the quake! , NA
881,lmao my cuz hmu said he was beating his meat when the earthquake came                         , NA
882,yall felt that earthquake? man i was taking a shit , NA
883,carter slept right through it  earthquake , NA
884,now i know who is either a light sleeper or is partying still   )     sfbayarea earthquake , NA
885,you know you're a true californian when you wake up to a giant earthquake and think oh hey   i missed this! , NA
886,i would just like to say i was the first one to tweet about the earthquake   i wanna receive some mf credit , NA
887, earthquake!!! just now! , A
888,now that we are all awake san francisco   who wants to meet up for coffee          earthquake sanfrancisco , NA
889,i'm sure the real californians slept through that one   but holy earthquake batman! , NA
890,earthquake did my bay area folks feel that? , NA
891,   my fave earthquake stalking site   is failing me today  i want measurements on what just woke up our whole house  ) , NA
892,"       5 7 earthquake   6km nw of american canyon   california  aug 24 03 20 at epicenter (3m ago   depth 11km)""  ", NA
893,yo   i was only 5 for the 89 quake but that shit was serious  hope that was it , NA
894,is twitter smb only group to have felt the earthquake?!  ) , NA
895,i felt the earth move from under my feet! earthquake! , NA
896,fuck earthquakes  no  no  no  no  no  , NA
897,i'm hella mad that the earthquake woke me up          , NA
898,that was a good 20 seconds or so out by ocean beach in sf  earthquake , NA
899,"i was in my bed thinking   ""crap   i should get in a doorway now"" but didn't budge  too scared  earthquake ", NA
900,i was standing when the quake hit and it almost knocked me over  i felt like i was drunk  , NA
901,earthquakes also tell u who's still awake bc of all the earthquake tweets        , NA
902,stupid ass earthquake   can't go back to sleep now , NA
903,now i'm waiting to fall back to sleep after i am reassured that the aftershock won't be as bad  fuckbeinginthesunsetforanearthquake , NA
904,you know what's tight tho? everybody in the bay on my timeline is helluv lookin out for everybody else gettin that info out  bayluv quake , NA
905,in napa valley for that one  hotel shaking for dayyyyys  earthquake , NA
906,holy shit!!!                                 thatwasafuckinghugeearthquake california earthquake , NA
907,temblor       m 6 0   6km nw of american canyon   california  earthquake sismo , A
908,that earthquake tho   seemed like it was getting progressively worse  looked at  sleeping peacefully and just thought no regrets  , NA
909,anybody else just get freaked the fuck out from that earthquake? , NA
910, bahahaha gettin high waitin for an aftershock , NA
911,never felt an earthquake before today   that shit is fucking scary , NA
912,that was the only earth quake i actually got woken up from   hugeone , NA
913,oh yea   felt that rocker  damn earthquake norcal , NA
914,my mom was definitely on the toilet during the earthquake xd                          , NA
915,that was a pretty good earthquake! my poor cat looks so worried and confused          , NA
916,now if that earthquake can put my ass back to sleep      , NA
917,u felt that too?!? my pictures my off my wall!!!        lol at dimitri's first earthquake       , NA
918,if you were masturbating during that earthquake did you stop or keep going , NA
919,that was the biggest earthquake ive felt   my bed was hella shaking  amp  my bro  amp  sis were screaming   , NA
920, jibs we are gonna die with this 6 1 earthquake , A
921,earthquakes where you have the time to think are the worst  , NA
922,did you hear about the mexico city earthquake? it did  100 million worth of improvements  , NA
923,30sfdays  earthquake on the bay! just 4 seconds  no damages  let's go back to sleep    ) , NA
924,i hate earthquakes  that's why i left japan  now it's time to leave california! , NA
925,felt a minor earthquake first in ma life    damn it's too scary !! , NA
926,omg! we just got woken up by an very strong earthquake it felt pretty strong in russianhill sanfrancisco                          , NA
927,just woke up to a drive by shooting and an earthquake all in 5 minutes huddled in the livingroom w my roomies what a time 2 b alive , NA
928,bias aside   twitter is amazing for things like earthquakes  i have no clue how i'd confirm the event at 3 25am without it  , NA
929,just felt our first earthquake oh my oh my never want to feel that again! earthquake , NA
930,let's all be grateful that earthquake wasn't a big one though   , NA
931,my twitter timeline is filled with earthquake and maps to the epicenter within 60 seconds  go team  , NA
932,       whew! hooolleee crap  now that's a quake        long one! scary , NA
933,felt the earthquake on treasure island lasted about 10 seconds  sf freaky , NA
934,oh so our mound isn't good enough   ground isn't stable enough    rt  earthquake in sf just now   17th floor  , NA
935,i wondered if a quake would make my bookshelves crush me in my bed when i slept  but i survived! (for now) , NA
936,       fuk all that i live in sf the worst spot to be when a major earthquake happens       rt , NA
937,got shaken awake by an earthquake here in angwin california  shook for about 20 seconds  , NA
938,eff earthquakes thought my sister was shaking my bed           nafireseason2015 baldyfire at baldy mountain  , NA
939,having lunch at the top of the mountain  starting to rain now  (at heather meadows)  , NA
940,i knew the airquality was bad in wenatchee due to the wawildfires in the area , NA
941,face masks available in chelan county  runoff from these storms may produce flash flooding and debris flows  h     , NA
942,stickpin fire (wildfire)  the stickpin fire was likely started on tuesday afternoon from lighting and was repo     , NA
943,summer fires are awful , NA
944,inciweb cougar creek (wildfire)  glenwood , A
945,cougar creek (wildfire)  extreme fire behavior with crowning and long range spotting pushed the cougar creek f     , NA
946,chelan butte chelanfire  , NA
947,fire selfie  smoke be like photobomb fireseason2015 baldyfire lineemt at baldy mountain  , NA
948,as if  baldyfire fireseason2015 at baldy mountain  , NA
949,ohmygosh you guys  fire  missedaspot baldyfire fireseason2015 lineemt at baldy mountain  , NA
950,to boldly go where no rental should ever probably go    dozerline baldyfire fireseason2015 at baldy     , NA
951,follow the troops in  fireseason2015 baldyfire lineemt at baldy mountain  , NA
952,this can't be good , NA
953,it's either a zombie apocalypse or just your average august haboob (dust storm) in spokane this     , NA
954,storm is brew'n wallawalla gotr   drinking a disruptor ipa by  at public house 124      photo , NA
955,please jesus we need a ton of rain and no lightning  , NA
956,cougar creek (wildfire)  the cougar creek fire was ignited by lightning on monday , NA
957,survived the wildfires of chelan , NA
958,inciweb grizzly bear complex (wildfire)  the grizzly bear complex consists of thirteen lightning fires burnin     , NA
959,nine mile (wildfire)  the nine mile fire started on the afternoon of august 13 and is under investigation  the     , NA
960,another wildfire south of colville , A
961,washington is basically on fire right now godspeed prayforfirefighters     , NA
962,we worked at trying to save a few big pines on the fire line  wildland chelanfire firefighting     , NA
963,north star (wildfire)  nespelem , A
964,black canyon (wildfire)  black canyon and mcfarland creek fires are actively burning in timber , NA
965,inciweb black canyon (wildfire)  black canyon and mcfarland creek fires are actively burning in timber , NA
966,inciweb nine mile (wildfire)  a fire line is completely around the perimeter of the fire  crews continue mop      , NA
967,crazy weekend at the lake  chelanfire chelan lakechelanyachtclub   , NA
968,worked 7 am to 8 30 pm  dinner at 9 pm  all you can eat  wildfires chelanfire chelancomplex     , NA
969,okanogan complex (wildfire)  washington incident management team 2 (wa imt2) arrived yesterday and assumed com     , NA
970,smoky sun sets over lake chelan wawildfire at lake chelan  , NA
971,charred hillside above chelan and a house that was saved from the fire  wildland wildfires     , NA
972,wildland firefighting lunch  chelancomplex chelanfire firefighting wildfires at chelan , NA
973,need  fresh  air  wildfire chelanfire at lake chelan  , NA
974,kettle complex (wildfire)  incident summary  the kettle complex includes four fires in northern ferry county w     , NA
975,headed home finally  not quite the route i planned , NA
976,last beer in the house  showerbeerhomeatlast fireseaso, NA
