Visit the City's website for the most up-to-date information regarding air quality and emergency preparedness:… https://t.co/x37zXQHYen,NA
"わぉ！PDC ⁦@PDC_Global⁩ の Disaster Alert アプリがフルリニューアルして劇的に進化した！

かつてWebで一般向けにも公開されてたオンライン版にほぼ近い内容！

Disaster Alert (PD… https://t.co/X4jlbC841d",A
"RT @EarthquakeAu: Global Disaster Alert and Coordination System Alert : On 11/21/2018 6:21:43 PM, an earthquake occurred in United States p…",
"Global Disaster Alert and Coordination System Alert : On 11/21/2018 6:21:43 PM, an earthquake occurred in United St… https://t.co/WCWIYYzYMw",A
"Modi as PM will be a disaster for India: Manmohan Singh https://t.co/aY8IrRi0Kn

Professor, Economist, Central bank… https://t.co/U7UtAZ3gAl",NA
"RT @CDCgov: Outbreak Alert: Do not eat any romaine lettuce, including whole heads and hearts, chopped, organic and salad mixes with romaine…",A
"RT @AAPbalbir: Amritsar holy city on high alert, still day time sooting. Total collapse of law &amp; order.@AAPPunjab demands immediate arrest…",
ALERT DISASTER MAJOR Salty Tornado with a horde of fire breathing rainbows just south of Fiesta Circle,A
"RT @AAPbalbir: Amritsar holy city on high alert, still day time sooting. Total collapse of law &amp; order.@AAPPunjab demands immediate arrest…",
"RT @AAPbalbir: Amritsar holy city on high alert, still day time sooting. Total collapse of law &amp; order.@AAPPunjab demands immediate arrest…",
"RT @AAPbalbir: Amritsar holy city on high alert, still day time sooting. Total collapse of law &amp; order.@AAPPunjab demands immediate arrest…",NA
RT @floodalliance: A great example of how SMS messages alert remote communities of extreme weather - allowing them to prepare and avoid dis…,
RT @floodalliance: A great example of how SMS messages alert remote communities of extreme weather - allowing them to prepare and avoid dis…,
"**Disaster alert**

When we crash-out:

UK landmass will re-attach to Europe, Labour will admit socialism is catast… https://t.co/oRNh8mEryS",A
RT @floodalliance: A great example of how SMS messages alert remote communities of extreme weather - allowing them to prepare and avoid dis…,NA
,