 make it home safe mommað­ðð,NA
". @stephenclark @edwardswxwxyz @NWSDetroit Reading 0.80"" on the rain gauge Digiscoped w/spotting scope. #backchannel http://t.co/E4hZFvWm6v",NA
....How is the flooding a biblical event lol,NA
.@chazzanocoffee is open and ready to help you temporarily forget about your flooded basement. #FerndaleMI,NA
".@MDOT_MetroDet is advising drivers to avoid the freeway system due to closures,  flooding and structural damage today.",A
'Let the rain fall down and wake my dreams.' Hillary Duff is pumped about this day.,NA
(The Rain)........THIS IS SPARTAAAAAA,NA
"@______LB: Y'all over doing this flood shit,  shut the fuck up ð",NA
@_____JustEAT: Our street so flooded its covering our grass That Ferg Shit,NA
@___TBandz imma be them ways this weekend cus the E-ways flooded,NA
@__DHan game canceled cause of another flood warning,NA
@_CHECKMYSPANISH oh damn. All the freeways flooded or just southfield?,A
@_CHECKMYSPANISH that shit tragic and it's gone rain more today!,NA
@Adam_Borgert bro remember last years 1st 2 a day we were outside in the rain all day lol,NA
@AlexForOffice what about your flood pants? http://t.co/VYchAugcIo,NA
@AMHQ thanks for the retweet &amp; advice!! I'm keeping them handy for the pool in my basement!! âï¸#detroitflood,NA
@amyroloffCF Yes we got a tremendous amount yesterday. And more today. Lots a flooding. Roads washed out.,NA
@AncientStaff dude thank you so much my basement is flooding and my dad can't get me now. I'm ready whenever you are,A
@AndrewLocal4 if yesterday rain had been snow how many inches wud we have had?,NA
"@AndrewLocal4 pea size hail,  heavy rain and pretty strong wind around Ford Rd and Outer Dr road is starting to flood",A
@AndrewZannetti yeah god forbid I played in rain water ð,NA
"@angelinaa23 it is a rough day,  robin Williams died ð©ð©ð©ð© Idc about the flood lmao",NA
"@AOrtiz_51: @Degel___: To anyone that swam in or floated on the floods,  you're in sewer water. Congratulations""""",NA
"@april3lewis the streets in warren and sterling hts are completely flooded,  cars were completely submerged in water at my work &amp; my work had",A
@april3lewis yeah the rain backed up the drains! But thank you gf it means a lot ð,NA
@AwesomeMama71 Car still dead. House flooding is receding slowly.,NA
@B_Skwier government conspiracy to flood the world,NA
"@Bcav93 if EVERYBODY is a willing participant,  do what you want with your love parts. Kickball would be cancelled due to rain.",NA
@beeekerr Schotts was completely flooded my pants were wet over my ankles.. water all the way from the back to aisle 1,A
@berto_davis it's raining? Who gets a car wash in the rain?,NA
@bobwojnowski are you sure there wasn't a question mark at the end of the Tigers white board statement? The storm is over?,NA
@BradberyNews it's from the rain. The ground sunk and that's what happened,NA
@BRIANtenor Holy. Shit. My dad killed the HHR in a similar flood a few blocks from our house. #RIP,NA
"@bushjms @mwmedvinsky backyard last night,  raking up debris now #miflood http://t.co/KbQ9tNOZ4P",NA
"@C_Deezy20 yesterday when all these floods were going on,  I was thinking about calling Ja Rule #NeededAnswers",NA
@cait_omeara did vinsetta flood like the rest of royal oak,NA
@Casss_06 plz tell me TXRH is flooded!!!,NA
@CBSThisMorning @CBSNews Detroit taught y'all nothin!!!#detroitflood,NA
@ccliffordwxyz Plymouth is ok a good rain and serious thunder about 30 mins ago,A
@charlezamora are you flooded in?,NA
@cheapcaribbean is the hurricane season over??,NA
@childs Yes I remember that rain too. Was supposed to go to Ann Arbor for work today. Not going.,NA
@chippergaines chip....HELP! BIg time disastrous floods where's a chip when I need one ;) http://t.co/BYF0SXPo3F,A
@cimino_sam Sam did you go barreling through a flood zone,NA
"@CityofRoyalOak weathers 100-year storm,  motorists stranded,  homes flooded http://t.co/pzVJ8JXPrY",NA
@claire_goatley So you want a flood?,NA
@claney101 the cheer team the sports offices and things are flooded too http://t.co/oOAHBeChsK,A
@Coachvtroydefhc: Due to the flooding and road closures Parkway practice is CXLD today. Be safe and God Bless You. - Coach V. Darn it!,NA
@crainsdetroit Tuesday's storms in the north end of Dearborn Heights were as bad as Monday's. This time with hail. http://t.co/NOzLLCMAjQ,NA
@daenerysstorm_ not flooded. It's dry thank god. They redid the foundation a couple years ago. Just don't have power.,NA
@Daija__Marie nigvas came outside no shoes dancin in the rain,NA
@DeAlberta it rained so hard the highways and many roads are still flooded. Trying to get to the airport,A
@Dearsamm I was in it and it was mostly rain water. I look a shower after and was fine. It didn't even smell.,NA
@decepti_khan the great flood part 3,NA
@Delta @DetroitMetro @DetroitAirport Trying this again! We'll see if I can get to my noon flight! #flooding #stuck #headinghome #flight #WA,NA
@detroit1051 within the last 15 minutes yeah. Here's one out in my hood in sterling heights. Never floods here. Ever. http://t.co/RThZCpFBTT,NA
@DetroitNewdaily: Heavy rains flood Metro Detroit streets http://t.co/5N6ShVIh5U http://t.co/KYwOa9YB2j Stay safe out there.,A
@detroitnews maybe @onetoughnerd realized he can't win re-election w/out Metro Detroit so he declared a state of disaster #DetroitFlood,NA
@Discovery Welcome to the D #detroitflood #Detroit http://t.co/RIeWjo7XkA,NA
"@DJMOTORCITY #LOUDMIX after the rain here come the #Loud clouds ,  home watching one of my favoriteâ¦ http://t.co/t3G2CvjeD9",NA
@djscrubbjax @killak984 another day on the freeways here in detroit after the floods http://t.co/RycKBt6d8j,NA
@dkevrafox2 @FOX2News no rain,NA
"@dkevrafox2 @FOX2News we got over 9"" of rain here in Southfield yesterday.",A
@dkevrafox2 ironically enough the last time I saw rain like this I was stuck in New Orleans. #CallNoah,NA
@DLfour2 I can't. My basement flooded so I'm cleaning out all my stuff,NA
@DSports1051 friend left Southfield at 6pm and was stuck on 696 between Van Dyke and Mound until 1:30am. Flooded in front and behind her,A
"@duaneahola @tvnewzguy My brothers,  Jerry &amp; Jim had flooded basements. They lost quite a bit. #backchannel",NA
@EarllyMac: On a serious note .... When have I ever seen it flood like this ??? Time to ask yourself some questions ð¸âï¸ LOL I see you,NA
"@edwardswxwxyz #7FirstAlert 5:30 PM Weather Update- Garden City,  MI: On and Off Heavy Rain Continuing. Latest Rainfall: 2.18"". #backchannel",A
@electroflames Not much. Just enjoying some rain where I'm at. How are you?,NA
@EricHolthaus @Slate I live in Southfield MI. Never seen so much damage from rain in my life around here.,A
@ErinnReece_ @_Arionne it's gone rain,NA
@eviie_w NOT THE RAIN WATER,NA
@flinds noooo it's just pictures from the storm we had yesterday lol,NA
"@FOX2News #Letitrip Its not our concern,  if thats the case lets go to Africa and let the flood gates open.",NA
"@freep creek flooding in Canton,  MI #Detroit #miwx http://t.co/Y9KvzaUYS5",A
@fuckswithmitch I was in the storm last night! Out in LP my whole car got swallowed but somehow I did not stall out lol it was horrible,A
@Glennyboi_97 if the streets weren't flooded,NA
@goblue1621 ya scrapers took the pumps so when we got all the rain the pumps would not turn on so we got 4 hrs of sewage pumped in basement,NA
@GracesonK ðð or more will the floods haha,NA
@GreggHenson I like watching train wrecks. I'm enjoying this. I can't wait to see the shit storm that's created when they lose the Central.,NA
@gump_sauce16 how bad did it flood?,NA
@HallyVogelWXYZ sad to say this sort of flooding could be an intermittent trend,NA
"@HeyStormm lame,  come chill with us at alexs! Rain storms equal heavy drinking",NA
@Hmayer_: Robin Williams dies and everyone's house floods like in Jumanji... #ironic,NA
@hoangmichael_ damn. It's not that bad. But there was the biggest flood yesterday. Worst one since 1920.,NA
@hoangmichael_ ooh that's cool dude. Some houses basements flooded and the water went 1ft into the ground level,NA
@IAmEmpHd who you telling. I heard basements was getting flooded I ran down here and made sure my shit was cool. I need my workouts. ð¤,NA
@IAmRavenBaxter: Remember when I couldn't go to the Blue Rain concert so Devon brought http://t.co/JYYK05byXJ Devon ass was so fineð,NA
@iGoBy__374DROP we getting all the left overs from that tropical storm,NA
@IntheBighouse lol global flooding here in Royal Oak,A
@IsabelMoellmanm even cold November rain?,NA
@IshyTweets hello ishy :-) sorry I havent signed up or anything yet we got flooded pretty bad here its been a big mess,NA
@IslandDog Did @Stardock suffer any damage from the flooding Monday? Hope everyone is okay.,NA
@jackiexoxoo dude I havnt heard from my mom Ever since the storm started &amp; she works right across the street from one of the pics I showed u,A
@James_Laube2 bro I have no idea n I'm not goin out in the rain to check rn aha ðð,NA
@jeffhillfox5 so I leave and the rain stops?,NA
@jerrystheman93_: Low key I want it to rain againââ¡,NA
@Jesss_343xoxo the rain cause so much damage too! My brother told me that 696 is going to be closed for such a long time because it might,A
@Joey_Britton thanks for sell me this shit tonight! It was cool meeting you! Don't die in the great flood! http://t.co/KlXOWVLJEe,NA
"@JohnKBrown all the rains we got .. Oh man ,  the freeways closed .. Stranded cars .. Basements flooding . People needed to be rescued .",NA
@JohnKBrown On my way to doc appt . Day off. Still got crap to throw out of my basement after flooding,NA
@JohnTheCreator3: Bae: come over Me: I can't the streets flooded Bae: I'm home alone Me: http://t.co/lliBMizUdbðð,NA
@jordanjewell15 love you and henryð drove home in a hurricane basically,NA
@JordannnnXoXoXo was I running through the rain?,NA
"@JosephAkroush it's a loner lol my car is gone in the flood,  I'm prob Guna get the new jeep or another new 300 with red seats idk yet",NA
@Joshhana basically all of southeast Michigan was under water today. It down poured all day and every street and freeway flooded,NA
"@kabakowski @Antin0s We drove up via 23 to 14. Zero flooding out there,  but that doesn't help y'all :p #DetroitUnderWater",NA
@KeenanSmithWX more rain on tap for today?,NA
@KeenanSmithWX what was last Monday flood water,NA
@KeepU_Lurking: @fenkell_riqq oh I was about to say you fooling ð I hate the rain,NA
@KendraLust did u see detroit is as flooded as a @thebonnierotten #squirtgasm,NA
@KingBerry21 and I in the CHS parking lot; this storm was no joke!!! I'll never forget this two-a-day opener http://t.co/GvOyfHw4DX,NA
@KYLE__MAN the entire Detroit area. The highway is flooded so bad cars are covered ð±,NA
@KylieA1969 im at work I have 5hrs to go its still pretty flooded here :-(,A
@KylieA1969 my home was fine the roads r bad orver 3 hrs to get here and the train yard is flooded and its gotton cold yuck,A
@KylieA1969 we had alot of rain flooded everywhere ! Im stuck in traffic for about 1 1/2 meow !,A
@LaToya_Chante the roads not flooded,NA
@leeleebby10 are flooded cars were broke down everywhere. Some underwater I'm glad my mom and bro got home safe. I did not leave my house,NA
@leeleebby10 at all &amp; I was lucky to not have a flooded basement cause god knows I would of lost it I don't have the money to fix that.,NA
"@lilginger72398 - by the way the basement didn't flood,  be grateful for other people have it much worse then a couple of trickles",NA
@Local4News looks like the eye of a hurricane http://t.co/jYpSYkZKLn,NA
@Local4News: BREAKING: Warren Mayor Fouts: 100-year-old woman drowns in her flooded basement. Story coming to @clickondetroit. That's sad,NA
@lyn_netanya @melissamalofy yeah well that's the result of a flooded street,NA
@maddycook2: all that rain was just the world crying because Robin Williams died,NA
@ManCaveAuthrty flooding in Michigan after widespread drain backups.,NA
@marymbbb I'm still dealing with post flood issuesð«,NA
@MDOT_MetroDet thank you for working so hard on all the freeways with all the flood water you all get a round of applause,NA
@MikeCarsonJr: Hahaha so everybody streets flooded from the rain storm!!! Mines not!!! ðððð Eat a Dick bro!,NA
@Mikedisnumber1 I'm gonna save pitchers of rain water for you and give it to you the next 400 thousand times you ask me for water,NA
@MikeWillits there is a huge flood that's going on,NA
@mimspinciotti haha that wasn't my street thank god! I got it off of Facebook but yeah some places in Michigan are completely flooded rn!!,NA
"@MLiveDetroit lots of fire trucks in my neighborhood,  and of course a flooded basement!",NA
@mmacdonald1992 probably won't last long. Have another storm heading this way.,NA
@Mr_DANGA_ word it's flooded everywhere up here so no one is coming to the dealership lol,NA
@MurseChris did you lose it to the rain?,NA
@MWeatherguy @AustinRadu its flooded everytime it rains,NA
"@MWeatherguy 3.25"" of rain in the nws rain gauge total today. 11&amp;Jefferson.",A
@MWeatherguy heavy rain at Gratiot and Masonic. Lady backed into another lady in qdoba lot. Neither wanted to get out if their car.,A
@MWeatherguy I have no flooding in gpw,NA
"@MWeatherguy st. Clair shores,  Beste St. Basements flooded. RIP to my hockey net http://t.co/qbrnj3BSdY",A
@MWeatherguy: ðµRoseville: 26741 Waldorf - Report of a person with their hand stuck in a storm drain. Lol! Dumb.,A
@mwmedvinsky Hopefully I will get it done today. I am home clean up yard from flood following #zetacon and #miched,NA
@nightcam: Waiting to be rescued from rising flood waters along NB 75 @ 9 mile @Local4News http://t.co/kMpoO5QNjR OMG!!!,A
@NikkkiAsherr it had to flood on ur birthday :'( I! Be over with the vodka rn,NA
"@njenuwine is it that bad,  bc ya girl love storm chasing",NA
@NoahDeLeon can you make and ark for us to survive because this rain ain't got no chill.,NA
"@NWSDetroit 3.25"" at Jefferson and 11mile total for the day in the @CoCoRaHS rain gauge @skywarnonline",A
@oaklandu are we going to have class tomorrow? ð³ #floodseverywhere,NA
@OG_Dewballz cause I forgot it was gonna rain and it was nice out earlier!,NA
@onetoughnerd addresses media in Waterford re: #flooding in SE Michigan. Video to come. http://t.co/c1Hi57Clla,NA
@owczarzak22 it's gonna rain all day young blood.,NA
@peter_marilley don't cuss the rain.,NA
"@Purplerose23 Mine is always roasting,  except in the freezer aisle haha. But yeah,  I live 2 miles from work and that's too far in the rain.",NA
@Purplerose23 Tell me about it. I had to find a ride to work because of all the rain.,NA
@ReggaeMarleyBob: âSome people feel the rain. Others just get wet.â,NA
"@rexroth7wxyz we hope you are healing nicely, but the meteorologist in you must be chomping at the bit with the flooding yesterday",NA
@rhettandlink Any take on the flooding in Detroit? Can you think of interesting ways we can pass the time until the roads are clear? #GMM,NA
@Rojas34Edgar: Are the pictures of floods forreal or what guys?,NA
@rooprajfox2 #DFD making it's way through the flooded Joy Road streets yesterday. http://t.co/LdTxbTdn7q,NA
"@rooprajfox2 this was right after the rain in Taylor,  it's receded some since. Still a mess though. http://t.co/Z1XKq2X4mK",NA
"@RopezGonzalez I'm sure our parents/grandparents had to swim during flood season in PH. Also,  after walking 15 miles to school.",NA
@Ryan_Hart6 @NervaZachary into the storm was dope,NA
@SanIgnacioKidd my moms car then my bro came and picked up us lol took us through the sidewalk to pass the flooded bridges,NA
@SchrzanTheMan24 I go straight west from my house then down 23 to Ann Arbor. It's west of the flooding,NA
@scuba_tyler you are aware that flooding your car like that is not covered under warranty ...,NA
@seantrees85 We luckily didn't flood. I helped someone today that flooded. I was ankle deep in poop water. It's a crazy how much water.,NA
"@ShayeMcCausland SHAYE,  you're the smartest person ever! My tweet refers to the basements usually being the ones to flood!",NA
@shimms_xo lol well it's all still flooded on the freeways ð³,A
@Skashh__: @riplona can i pull up on you?yes but don't forget my block flooded,NA
@stephenclark lol you can drive through a flood,NA
@stephenclark why is their a flood watch until 3am wednesday,NA
"@SummMerp be careful! It's super flooded there,  and it keeps raining",NA
@SussexWayne: My fuckin basement floodedð© Join The Crew,NA
@SVO_DM Like a badass Storm Chasers,NA
@SynthFox87 fyi there is going to be more rain later tonight or early tomorrow judging from the radar. May want to get some sandbags. ):,NA
"@TamGolfShop 2.3"" rain total. #tropicaldepression #lucky",A
@TaylerSee yeah completely flooded at freedom hill,A
@tazzwaz always loved practicing in the rain. Quite refreshing.,NA
@tehdavidandrews @TheDonovanAllen What David said! Great stuff...waiting out the rain was well worth it. #happyearlybirthday,NA
@TerryFoster971 Be ready. In Walled Lake and another round of thunderstorms incoming. Break out the canoes.,A
@ThatGuyFH I just think it's coincidental cuz his last name is flood,NA
@TheBeaast_44 I'm sorry I couldn't come tonight. :/ The rain flooded my whole street. I'm really gonna miss you bb. â¡â¡,A
@theSummerParker we got flooded pretty bad here in Detroit on Monday !! How bad did you guys get it SUMMER ??#Actress http://t.co/k7fNZPx0wG,NA
"@tontig_fox @SynthFox87 warning,  hale heading your way and heavy rain. Slowing down here in Troy.",A
@TonyytheTigerr_ if it's over in time I'll come if not we out tomorrow if doesn't rain or anything,NA
@TonyytheTigerr_ lol nigga I stay in a apartment you know my shit ain't flood,NA
@TweetThisBabe Awww thanks All good just a mess.. #Floodageddon #detroitflood,NA
@usatodayweather @MyDesert we didn't have any heat this summer here in Detroit. It's pouring rain right now. I wish I could send it to CA.,NA
@VinceVento how's it in Clinton TWP? I mean with the flood warning?,NA
@Virganator34 nigga it's flooded no,NA
@Virganator34 tell me why I got yo gurl to flood the whole Metro Detroit area,NA
"@WeatherNation A view off my porch yesterday. Here in Southfield MI we got at least 6""of rain. Freeways still closed http://t.co/cAovIknueQ",A
@Won_Almighty: This rain came outta no we're,NA
@WWJ950 MDOT says #copper theft possible factor in #DetroitFlood-Freeways could be closed for days http://t.co/8DZak5oFUZ Keepin it classy,NA
@wxyzdetroit I was stuck for 3 hours 10 mile and Rayn Rd in warren to come home to flooded basment :( http://t.co/C3OnPeZHvk,NA
@wxyzdetroit reports Metro Detroit roads are underwater and MSP are asking drivers to stay home. #DetroitFlood http://t.co/EUC7hF8GDP,A
@xdannyxbrownx nigga we will listen to ya song later. I know Madison heights flooded nigga go check ya basement for flooding nigga,NA
@yourservez I hate rain,NA
@Zetterbeard__ NO. MORE. RAIN.,NA
*insert tweet about how I need a bae to cuddle with during thunderstorms*,NA
"#7firstalert 3.25"" in my @CoCoRaHS rain gauge today 11&amp;Jefferson scs",A
#backchannel extensive flooding of woodward and 13 area. Woodward is a parking lot. 13 has trash bags floating down the streets,NA
"#BREAKING (via @wxyzdetroit): Disaster declared by Governor Rick Snyder for Wayne,  Oakland and Macomb counties. #DetroitFlood #TheAftermath",NA
#detroit #fashbash #fashbash2014 FLOODING YO TIME LINE! ð @ Detroit Institute of Arts http://t.co/3jJ2ON889q,NA
#Detroit M-39 Southfield Fwy Sth bound underpasses flooding @ Gd River &amp; Lyndon! Drive Carefully,A
#DetroitFlood2014 #MyrtleBeach #warrenmichigan Airport bound! Myrtle Beach here we come! FUCK YOU THE GREAT FLOOD OF 2014 Michigan,NA
#DetroitFlood2014 #warrenflood water subsiding from my house in Warren Michigan it was up to the doorstep http://t.co/aTWT8EDqT2,NA
#DetroitFlood2014 everything in my basement gone water was over 2 feet deep up to the 3rd step on the basement stairs http://t.co/7vR5bCI9Xo,NA
#DetroitFlood2014 some of my pictures of the flood I live in Warren Michigan it was up to my front doorstep! http://t.co/qpjoNPxp3s,NA
#dishnation we for real got hit with massive....rain flooding everywhere....cars stuck http://t.co/gc0sDGQjzr,NA
#drought it's official the drought is over Major flooding in southeast Michigan http://t.co/ImapLfvYVz,NA
#ferndale #Flood 2014 Romeo and orchard @ 2156 Romeo http://t.co/DonaIWRh3c,NA
"#ferndale City Hall remains closed today due to last nights storm,  Ferndale recreation &amp; Court are open with no phones. @FerndalePolice",NA
"#Floodageddon be damned! @Quizzo is still on at Moose Winooski's tonight at 8p! If you can safely make it out,  I hope to see you there!",NA
"#flooded on telegraph,  just wanna get home",NA
#FloodedinDetroit my inlaws across the street flooded too. Neighbors in the street asking about each others basement.all flooded,A
"#FloodedinDetroit.my washer and dryer in basement almost submerged,  freezer toppled but still on. Water must be electric now,  stinky black",A
#flooding #drought #water Storm dumps 4.57 inches of rain in SE Michigan | Weather - Home http://t.co/FvPywnWFur,NA
#gay GOOD MORNING! from a motel room in my neighborhood after THE GREAT FLOOD OF 2014 in the metro Detroit area! http://t.co/G9qeu375pt,NA
"#Michigan more rain,  thunder,  lightning. . http://t.co/KlEqlXHuFd",NA
#nothinglike a full day of work immediately followed by cleaning and throwing out half of your basement d/t #flood damage. #DetroitFlood,NA
"#planetanttheatre - The Great Flood of 2014. EVERYONE is filming,  tweeting and hittin up social mediaâ¦ http://t.co/TVODYqmr46",NA
"#Rain,  rain...stay away. #Please! @ I-75 North http://t.co/BDyeMZ9vgd",NA
#SelfieSlayer why not #Flood your timeline since the streets are too!!! ððð­ðâºððððââððððððâºâº @ Warren &amp;â¦ http://t.co/2jOcXSNFId,NA
#Southgate #floodedbasement ripping out carpeting and padding. Glad I have coverage with #usaa @clickondetroit,NA
"14 feet of water on our freeways right now,  an it's about to rain some more",A
16 mile and Utica is flooded and had abandon cars.,A
17th street flooded 14th street flooded the whole HOOD flooded dog lol smdh,A
2014 flooding http://t.co/g3W5TsOFc5,NA
292 year rain event SE Michigan. http://t.co/iEUv9WxoSQ,NA
4.5 - 5.5 inches of rain in last 3 hours. Major flooding in Detroit area.,A
6 weeks worth of rain in a few short hours!! #3FeetHighAndRising,NA
60% Chance of rain just turned into ð¯,NA
7 mile so flooded rn.,A
715 and I just asked if it was Tuesday or Wednesday. Plus half of the staff is missing #detroitflood #itsgoingtobealongday,NA
A 100 year-old woman drowned in her flooded basement ðð,NA
A beautiful post flooding storm sunset...well worth the case of the Mondays. Bring on the Super Fullâ¦ http://t.co/xqbpymrCF2,NA
A day home due to the flooding means binge watching The Hills on @MTV. #MorningDrama,NA
A hungry howies car got stuck in the flood on my street lol,A
A little rain here or there never hurt anyone ð,NA
A look at some of the flooding in Metro Detroit that I experienced in the last 11 hours http://t.co/RbUMxhS3md,NA
A look from my window as we were stuck in the water today! #flooding http://t.co/raVTfmtKej,NA
A lot of history flooded out. http://t.co/gHGvUixrVw,NA
A rainy day flooding ever where. But have to keep moving.,NA
"â@___DJW: Street so flooded ,  mf driving on the sidewalk ðððð http://t.co/DtMMld4BmOâ ððð",NA
â@Adam_Paolucci7: Backyards floodedâ,NA
â@alizahra96:What you think you were gonna smoke &amp; drink at the Wiz concert and god wasn't gonna punish you with this flooding?â@kaitlinn__,NA
â@ashcareyy: I'm so glad I don't have seat on the lawn in this rain ð³â RIP to the lawn sweaters,NA
â@awatifbaydoun: @AlisonJawad ME TOO ITS OK LETS GOâ but...rain...,NA
"â@ayronatthewings: News just said that if today's rain had been snow,  we would have hit 55"" of snow in a single day - holy hell.â ð£ð¢ #crap",NA
â@DreamChasinMar: This flood outside crazy AF I told Wayne we In Jurassic park! http://t.co/XcISNHw5PFâ ðð yall niggas silly bruh,NA
"â@espn: He was the phenom who took the country by storm at the 2001 LLWS. http://t.co/HQupI7uSAQâ If you're 12,  I'm 12.",NA
â@freep: Raw Data: See how much rain fell in your community during #flood #detroit http://t.co/xvlkRMJKjf http://t.co/HfCJNXYANKâ #wowww,NA
â@hannahkilgorexo: so fucking pissed my room flooded. ð¤ð¡â same everythings ruinedð,NA
â@Hmayer_: Robin Williams dies and everyone's house floods like in Jumanji... #ironicâ COINCIDENCE? I. THINK. NOT!,NA
â@ItsFoodPorn: Broccoli Cheddar Soup In A Bread Bowl http://t.co/ORQynINSIQâ @kellie_lorraine I meannn. With the rain rn... Ughhh.,NA
â@itsTTbitch: My cousins pics of Detroit flooded are crazy! That's alot of fucking rainâ yesss cousin it is!! ð©,NA
â@jackiexoxoo: @hollydombruski_ we are trying to drive back but everything is flooded ð«âHOW MANY FEET HIGH DO U KNOW?,NA
â@Kelsey_Bandlow: if NB flooded @Armstrong__50 would be the only survivor #liftedtruckâ snorkeled jeepð,NA
â@kingwasabi_: I hate this rain but it gives me an excuse to wear my tigers pulloverâ. Rock that Red Wings jacket. #ð´,NA
â@Local4News: Up-to-date highway flood closures #Local4 http://t.co/nfVNC0x5ge http://t.co/EVuqAKYGTOâ @katieyellow saw your tweet. It's bad,NA
â@MDresaj: â@marissacavataio: Really happy I gave up a day of sleeping in to go help victims from the flooding. ðâ #servantleadershipâ fosho,NA
â@NBCNews: Two deaths blamed on Detroit flooding after historic storms http://t.co/9O4gH2xrhA http://t.co/6apaGRlGWsâ. Looks like a war zone,NA
â@nightcam: Moved over to Southfield Freeway at Outer Drive. Flooded up to 14ft bridge w/ more rain coming http://t.co/Ey10Hzw0Mnâ OMG,A
"â@OK_lum: You guys have some real shitty basements,  mine hardly floodedâ @koker7D7 apparently you don't either ð",NA
â@pcip01: Ang and Greg are cooking up a storm and it smells delish.. we could feed an armyâ let me and tori know when it'll be readyðð,NA
â@SkyLexington: @xDOPEHEADx u good ova there i seen dat rain fuckd da city upâ | All Good The Sun Came Out Today Detroit Is Alive |,NA
â@stephenclark: If this rain keeps up Iâm borrowing my neighborâs Jeep: #backchannel #jeep http://t.co/R1Da48XI5Zâ @DrewBreezie,NA
â@SydneyKayte: S/O to the guy on 94 right now driving a motorcycle. Do you know it is a typhoon?â lol wow,NA
â@SydneyS_mith: Turn down for chicken fries and floods and being strandedâ @jkKolodz,NA
"â@TonyaCelli: The school taught me how to handle a fire,  and a tornado,  but what about these floods #whoknowsâ",NA
â@YourAnonNews: #Detroit is flooded http://t.co/t6WWMc4Tv0â real pic of every street in southern michigan ð,NA
â@zacharysrobert: Wonder if the rain will hold off enough to go walk the trailâ #ThingsMyGrandmotherWouldTweet,NA
About this next storm. http://t.co/kSSiefJ7ZC,NA
About to be an early day at work thanks to the bitch ass rain. What's gooooddddddd doeeeee.,NA
"About to drive to work in this rain,  wish me luck",NA
about to take an unreal nap thanks to this storm,NA
Accuweather says IT'S GON RAIN,NA
After dealing with college all day I want nothing more than to cuddle up in bed and listen to the rain.,NA
After working a 24 hour shift at the hospital because of the floods I'm planning on hibernating theâ¦ http://t.co/Xu8zapRBpi,NA
Aftermath of #floodmageddon in Detroit as viewed from a @Jeep with @Uconnect with @SIRIUSXM Travel Link. http://t.co/lLEr4Hj87t,NA
Again w/ this rain ð .,NA
"âï¸ I love you rain,  but not today.",NA
"All I know is that the streets were flooded,  car sucked in the water...smh.",NA
"All I see on twitter tonight is about robin Williams,  the floods,  or Katy perry over and over again.",NA
All john wanted was ice cream but mother nature had other plans #adventureswithjohnandmatt #flood,NA
All my moms staff couldn't get to work because of the flood.,NA
"All of Detroit's highways are closed down from flooding. Not one,  or a few. All of them. #BeginningOfTheEnd",A
All of my Red Wings posters were destroyed in the flood.,NA
All Them Floods On The Westside,NA
All these damn floods,NA
All this flooding and stop now. Thanks.,NA
All this flooding is crazy!,NA
All this fucking rain.,NA
All this rain doing is making me wanna cake in sleep. ..,NA
All this rain for them thirsty hoesðð¦ð¦ð¦,NA
All this rain is for the birds...geez!,NA
All this rain is making me wayyy more lazy and sleepy than Aubri has already!! ð© #grrr i like being active,NA
All this rain makes me sleepy,NA
all this rain must symbolize the beginning of the apocalypse,NA
All this rain would be awesome if I were a waterbender ð­ #onecanhope,NA
All this rain!! I need a drive thru store/gas station!,NA
Allen park michigan flooded today http://t.co/cv9ck2h10p,A
Alright #IntoTheStorm was amazing great movie a must see!!!!!,NA
Alright Twitter which roads still flooded.,NA
Alright.... Looks like I'll be enjoying the rain today while I wait outside for my ride haha,NA
also it's supposed at rain on Saturday. ð,NA
"also,  #IntoTheStorm was filmed down the road from my house ... #nbd",NA
"Amethyst with yellow calcite deposits. (@ Hurricane Mitch in Farmington Hills,  MI) https://t.co/fXVbHXC7m2 http://t.co/AVH2H4WSLx",NA
And @NathanKress great acting in the movie #IntoTheStorm you were amazing in it!! Your still that geek with a camera!!,NA
"And I better not flood again,  last thing I need to to get stuck",NA
And it builds in your mind like a storm. The sounds becomes a cacophony of hatred.,NA
"And It wasn't even because I was on my phone,  it was the rain so I'm pretty proud of myself.",NA
And it's going to rain again..,NA
And it's going to rain all day today!!!!,NA
and let the storm begin #part2,NA
and my basement flooded,NA
And now it's going to rain more hahaha fuck this,NA
And pt. 2 of the storm starts....,NA
And rain on Saturday. Yay. Perfect for Woodward ð,NA
And thank you for the hail bath too Mother Nature. Bitch. #hail #storm #rain #flood #floodingâ¦ http://t.co/E8EqVHgsgw,NA
And the rain begins,NA
And they say Dearborn is a center for terrorists? Todays rain/flooding is just about as much action and excitement this city ever sees. ð,NA
And you best believe that if it rains my dumbass will be rapping and dancing in a ghetto rain poncho ð #noshame,NA
And. Fuck. This. Rain.,NA
Anddddd here comes more rain,NA
Anddddd here comes the rain againðâï¸ð,NA
Annnnnd here comes round 2 #detroitflood,NA
Another big storm is rolling in â¡ï¸,NA
Another flood warning for Detroit,A
Another of from the worlds largest abandon structure! Took this yesterday before the storm picked upâ¦ http://t.co/jIAjoIpiRx,NA
Another shitty thunderstorm ðwhat else is newð,NA
Another storm came when we were getting paper towels and bleach for the store and we got soaked just walking five feet.,NA
Anybody wanna risk your life in the rain for some chicken wings? Don't worry you can get them in Ferndale. ð,NA
Anyone have a pic of the school's flooding?,NA
Anyone have any rain boots they can lend me? Mine were claimed by the flood in my basement. #detroitflood,NA
Anyone know if Mack is flooded by Moross,NA
anyone that needs carpet extraction from the flood let me know. Txt or Dm,NA
Are we having a hurricane in Michigan or?,NA
Armored military vehicles rolling out of TACOM to rescue stranded people at 13/Van Dyke. #detroitflood #backchannel,NA
"As if 6"" of rain &amp; all the flooding yesterday wasn't enough,  we are getting hit again! Uuuugh!",NA
As if it didn't rain enough yesterday. Get ready Detroit! #detroit #flood #mothernature #rain #stormâ¦ http://t.co/dzm1VqZ8fj,NA
At least it storms everyday so we have to practice in a hamster cage,NA
At least when im old i can tell the wee lads about the great flood of 2014,NA
ATTENTION: We are stuck on a ramp off of a highway in Michigan. All the roads are flooded. Send help. http://t.co/YBusf6RnYz,A
aye my street is flooding turnup,A
Aye yo fuck that it's not raining anymore it's flooding shiid,NA
"Baby Jesus,  thank you for letting my town be up on the high ground #zomgfloods",NA
Back for a second day of flooding relief work in the suburbs. #DetroitFlood,NA
Bad idea to wear heels in this rain,NA
"Band postponed until 1pm tomorrow. Apparently,  the school is flooded. Check your email a lot,  might not have camp at all. Contact everyone",NA
Basement flooded âï¸ð³,NA
Basement flooded and shit,NA
basement flooded ð,NA
Basement Flooded ð¤ð¤,NA
Basement flooded smh,NA
Basement flooded yolo sweg,NA
"Basement flooded,  and my clarinet is gonna have to go. :(((",NA
"Basement kinda flooded,  time to run through it like I'm in the chamber of secrets!",NA
"Basements emptied onto curbs. #detroitfloods @ Madison Heights,  Michigan http://t.co/NHZJkytRPD",A
Basements still flooded.. Ugh done.ð http://t.co/WY4c7vs3Zf,NA
basically a typhoon is coming at us rn,NA
Bc it's almost the same@HuffPostPol:Gov. Rick Snyder compares disastrous Detroit flooding to a leak at his lake house http://t.co/7nvKxkIsrs,NA
Be not afraid #detroitflood @ Detroit - Michigan - U.S.A. http://t.co/b8JBFYvnBI,NA
Beautiful day for this concert let's hope this rain holds off,NA
"Because of all the flooding everywhere,  we've been driving for 4hours trying to get home from somerset. And we're at 16 and schoenherr...",NA
"Because of Southfield being flooded and shut down,  it took me 30 minutes to get to school instead of my usual 15. Fuck these historic floods",A
Because that's what I really needed! More rain to go with the water in my #flood basement #sarcasm,NA
Been cleaning flooded basements all day ððð·,NA
Been in Warren and St. Clair shores because of floods for 3 hours #FML #lowcarprobs,A
Before Flooded underpass Lodge at Linwood #detroit @WWJ950 @wxyzdetroit http://t.co/RV4huPChfT,A
Being suelo when the streets are flooded is a really bad thing,NA
Best part about Halo Reach campaign: no fucking flood!,NA
Best time to jump on the trampoline is in the rain !,NA
better not rain thursday ð,NA
"Between the metro-Detroit floods,  Robin Williams' death,  &amp; the Tigers falling out of 1st place,  I am emotionally done. #tomorrowWillBeBetter",NA
Bout to go for a swim in this rain ðð,NA
BREAKING NEWS: Gabriel Richard Catholic High School is flooded ð¦ð¦,A
"BREAKING: Gov. Rick Snyder has declared a disaster zone for Wayne,  Oakland and Macomb counties. #DetroitFlood",NA
Bruh if that river flooding,NA
Bruh this rain stupid &amp; trying to kill us. On the low !!!,NA
"Buckets o' rain here in Canton,  MI. http://t.co/huow96BQWY",A
Building a damn ark soon if this rain doesn't stop,NA
Burr and I driving in this rain and we can barely See how lovely,NA
"But don't stress about yesterday guys,  today's storm is suppose to be worse.",NA
But I don't want to flood my car trying to get it lol.,NA
But I swear the water flooding on beech daly is row-able ð³ð,A
But I'm completely ready to take Ann Arbor by storm. Can't wait to see what it has to offer me.,NA
But more rain.. How refreshing,NA
Caaaaaannnn You Stand The Rain,NA
Call me today if ur car was flooded. We accept all insurance companies! 313-278-3611â¦ http://t.co/FKRFtgp68j,NA
Camp is so peaceful in the rain,NA
Can I sleep at someone house I don't have power and my house is flooded ð,A
Can someone please explain to me why rain jackets are so expensive because I genuinely don't understand #girlsjustwannastaydry âï¸,NA
Can this rain please stop?,NA
CAN WE NOT HAVE ANOTHER STORM,NA
Can you stand the rain? Lol,NA
"Can't even get to my work today,  whole service drive flooded. Holy hell.. Time to turn around and go home",A
Can't even look cute today cuz of this rain. ð,NA
Can't go nowhere everything floodedðð,NA
Can't see the curbs over here so much rain... @ 6 Mile http://t.co/YBwuuKbBUT,NA
Can't stop listening to twerking in the rain with my mom.. @_idancealot,NA
Candle lite bath with the window open so I can hear the rain. I'm so relaxed ð,NA
"Carlton at @thehomedepot did me a solid: returned a damaged new water heater purchased at another location. Thanks,  man! #Detroit #flood",NA
Cars are floating in the street #flood2014,NA
cars are now driving backwards on the highway to avoid the flooding,NA
"Cars flooded inside,  had to have friends push me back to my houseð about time to trade the mustang in and get a lifted truck this is nuts",NA
Cars still in middle of street in Royal oak after flooding. http://t.co/N5XaS7UvOT,A
CHECK OUT THAT SKY BREH. READY 4 FLOOD ROUND 2.,NA
Chilling with Baby Julian on my off day! At least the flood got me a day off work! @ West Side http://t.co/3kxXcWwQKK,NA
Church yesterday really got me feeling confident .no matter how many storms I go through its always a blessing at the end,NA
Clouds after the storm. http://t.co/q0tRZaTwZt http://t.co/X3gWnP1wyO,NA
"Cons: flooded basement,  no hot water,  impending period and Dream Cruise. Pros: last day of work tomorrow and I saw a bunny in the yard.",NA
Cont and a few roads that were shall we say hazardous being flooded. But my red ford focus pulled thru each challenge.,NA
Could not get on I-696 West from Mound due to flooding. Had to go down past Dequindre to get on the freeway. http://t.co/IjyBw3psu3,A
Couldnt go to the gym because it Was flooded by there lol,NA
"Count your rainbows,  not your thunderstorms.ð¯",NA
Crazy flooding in Detroit. @BillyCorben Did the floating furniture mentioned in #Broke ever get produced?,NA
Crazy rain,NA
Cruisin' in the rain @Jason_Aldean http://t.co/AUwvUeMaqi,NA
Currently trapped on lockdown in Meijer until the storm passes over... ð¡,A
Cutting out carpet from flooded suburban basements now. #DetroitFlood #DetroitWater http://t.co/FN8uzttVK7,NA
"ð¶Rain,  rain go away that's what all my haters sayð¶ #ObligatoryWeatherTweet",NA
"Damn ,  some of the flooding around here is crazy!",NA
Damn detroit flooded that shit look like a beach,NA
Damn i didnt think the rain was that bad,NA
Damn it's suppose to rain Saturday for drake vs lil Wayne ð©,NA
Damn man almost all of the fwy's are floodedð shit crazy,A
Damn might have too drive threw this flooding too get my grandparentsð,NA
Damn streets just had to be flooded got damnit man,NA
Damn the rain is keeping me from yard work ðð,NA
Damn this rain need to stop for real ð§ðâ¡,NA
Damn. This rain is playing no games. The freeway is basically Atlantis.,NA
Dang Detroit got a real bad flood,NA
Dark clouds. Thunder moving toward flooded areas. Brace yourselves. http://t.co/suRYUupdby,NA
dawg i'm so over this rain,NA
DC is never gonna have a football field with all that flooding inside the school,NA
Dearborn heights flooded!!! And there's more rain on the way !! http://t.co/jKnLPeHVW6,A
"Debating on whether or not I should bring a box full of sentimental stuff with me to Chicago,  and then the flood made the decision for me.",NA
"Detour around flooding (@ McGraw/Central in Detroit,  MI) https://t.co/32oWOP9CgC",A
Detroit = rain city,NA
"Detroit is strong and will make it all over again!!! Hard to believe that storms never come this way??? Det. MI,  #1 always",NA
"Detroit niggas bottle bottle this shit and start a water brand ""the flood""",NA
Detroit shuts people's water off and then the whole city floods...if that ain't a sign idk what is,NA
Detroit was protesting water shut offs now they're complaining they're flooded in it ð it's free tho,NA
Detroit....anyone who would wanna watch the movie ...NOAH....after last night's storms would have NO ARKuments from me...,NA
Did it rain I can't tell,NA
Did it rain yesterday?,NA
Did Noah build an ark for this flood and I just didn't get an invite or?,NA
Did tha D just become a lil New Orleans??? #FLOODZONE,NA
Didn't see any sharks but pretty sure yesterday's floods were from a sharknado,NA
Didn't think I was ever going to make it to work. #floodymess,NA
DIDNT WE GET ENOUGH RAIN OMG,NA
Dive teams are on the expressway searching for bodies from the flood! http://t.co/oXkYtwlhmx,NA
Does anybody know if telegraph is flooded?,NA
Downloads rain app to drown out sister's loud snoring. ð¡,NA
Downriver flood round 2,NA
Drinking game: take a shot for every road they have to close due to flooding. #PureMichigan,NA
Driving + rain = no bueno,NA
Driving in the pouring rain with no windshield wipers is pretty fucking hardð,NA
Driving in this rain is crazy,NA
Driving in this rain it's terrible,NA
Driving in this rain right now is worse then driving under the influence ð,NA
driving in this rainðµ,NA
Driving through deep water is scarier than driving through a bad snow storm on 94.,NA
"driving through the flooded streets of Dearborn to get to the airport. #flood @ Dearborn Hgts,  MI http://t.co/XmB3Qv8KCZ",A
Driving thru this shit is crazy #Detroitflood,NA
"Driving to my 4th Home Depot location today. It it doesn't rain tomorrow,  I'm gonna be pissed. #ponchos",NA
Driving tonight has been an experience I won't ever forgot. #flood2014,NA
"Drop off flood damaged items..round one (@ SOCRRA Recycling Center in Troy,  MI) https://t.co/LJgfJKPg2f",NA
Due to the rain Volleyball conditioning is cancelled same time and place tomorrow (:,NA
Ended an amazing trip with this gorgeousness! #implanecrazy @ after the storm http://t.co/RrmPY4BaHn,NA
eugh rain,NA
Even my sink is flooded fam http://t.co/CnGH92O1UD,NA
Even tho we had a bad storm yesterday my tires still made it on time ð http://t.co/Kb4NmIjqnQ,NA
"Even though I love thunderstorms,  it kinda ruined any plans I had for doin anything outside.",NA
every damn street is flooded in pisseddddddd,NA
Every restaurant and store is closed due to flooding...,NA
EVERY ROAD I TURN ONTO IS FLOODED,NA
Every waking hour other than work since the flood has been spent bleaching hockey equipment and I can't wait till I'm done,NA
Every year........ dreamcruise WEEKEND starts on Wednesday.... can we get another flood... only on Woodward?,NA
"Everybody ,  basement flooded .",NA
Everybody loves rain and this weather and every year I won't understand why,NA
"Everybody please be safe driving,  these floods are terrible.",NA
everybody's bitchin about how all roads are flooded but I really needed a undercarriage wash #tomuchmud #bowtiecrew,NA
Everyone be safe today who's traveling in the Detroit area! #DetroitFlood #DetroitWater #Detroit,NA
Everyone in Detroit's been complaining about not getting water for free. Now they got it and they're bitching about it #detroitFlood,NA
Everyone is literally outside because all their houses are flooded,NA
Everyone should please stay home safe cause theres floods up to a niggas chest out here.,NA
Everyone went to the casino without me smh. Can't do this rain with my computer,NA
"Everyone who has to drive today,  be careful incase it floods again ð",NA
Everyone's cars must be flooded because 75 is empty on the way to work http://t.co/z2LeDzS0LH,NA
Everyone's flooded my shit looks like the dessert,NA
EVERYTHING IS FLOODED IN DEARBORN FML,A
Everything's starting to look so normal #detroitflood2014 http://t.co/JTs8hiA0rq,NA
Expect another 3-5 inches #badpickuplines #PureMichigan #flood #take2,NA
F u rain,NA
Favorite this if your basements flooded ð,NA
Feel horrible for a guy at our work. Lost nearly everything with 13 inches of water in his house due to the flooding.,NA
feeling like I'm back in Portland with this rain. âï¸,NA
Feels like we were stuck on a island everywhere we went they blocked off roads the highway was flooded with 8 ft of water,NA
Felt like Rocky while running that 2 miles in the pouring rainâï¸ððª,NA
Finally found a hotel ... Now to find a place to park since it's flooded also ð http://t.co/dmGyJ5ZqfS,NA
Finally home after 8 hours stuck in the flooded freeways!!!,NA
Finally some rain!!!!!!!!,NA
Finally to bed 2am. Roads flooded. People did not move an inch for 3 hrs. Not me. F it. Went thru a knarley neighborhood or 2,NA
Find excuses! To #JustDoIt asked someone to meet me at track..Run/Walk between the #Rain.,NA
first the basement flooded now the house is on fire,A
"Fishing under a tree safe fron the rain. (@ Stony Creek Metro Park in Shelby Township,  MI) https://t.co/C7IOH7Ip90 http://t.co/CuHVydltR8",NA
Flood at my Grandma's house. #flood #Detroit #weather http://t.co/y60RAx8TkE,A
Flood claimed the Nintendo 64. And super smash bros. How am I going to accurately articulate how big of a deal this is to the insurance ppl?,NA
"Flood damage clean up (@ 3208 House in Royal Oak,  MI) https://t.co/WMXTMAhZVq",NA
Flood dis bitch even in a flood!,NA
"Flood waters rising at our office building in Troy,  MI #detroitflood http://t.co/fjsHBeJbvM",A
Flood work is so stressful,NA
Flooded basement! Thank you #mothernature,NA
Flooded basement. Damn it!,NA
Flooded streets in Detroit means no way to leave airport...,NA
"Flooded underpass: see the yellows sign? 14-feet-8 inches,  down to just a couple feet http://t.co/8sQZD8M5aM",A
Flooded. #madhgts #homeownerprobz @ The Loginow Lodge http://t.co/ODAuZGo1Qc,A
Flooding at the homestead. @ The Simsbury Love Palace http://t.co/ml4gowTESF,A
Flooding everywhere and now here comes more more dark clouds. #detroitflood http://t.co/IbgVvhBeEJ,NA
Flooding everywhere. Be safe out there. Check your basements. http://t.co/kzuIioiSNS,NA
Flooding following huge hail etc etc following worst winter ever = climate change. Idiots will deny.,NA
Flooding in Clawson @rexroth7wxyz http://t.co/DVdCAt12BU,A
"Flooding in NY now,  way to pay attention East coast! #NYflooding#dummies",NA
Flooding is so bad that I can't get home. Guess I will write some...,NA
"Flooding,  Robin Williams,  and I missed the @katyperry show...what a terrible day ðð",NA
Floodingð Like A MF.,NA
Floodpocolypse round 2 âï¸ðð£,NA
Floods &amp; Rainbows ..... #detroit #rain #city @ Midtown Detroit Dog Park http://t.co/NKy947qe0d,NA
Floods are crazy in West Bloomfield http://t.co/NKnLG3dtQb,A
"Floods are funny as shit,  even when your car is totaled and all your Christmas decorations are ruined #cheers",NA
floods are super effective against hoarders,NA
Floods everywhere. Oh and our ceiling collapsed in one of our rooms. Yeah I'm just going back to bed.,NA
Floods in the D got mfs throwing pool parties on the interstate lmao,NA
Floods of the city . I am very thankful all my friends and neighbors made it safely home .,NA
For all those who's basements were also flooded we don't have to worry bout spiders for a whileððââ,NA
Forgot how much I like football games on baseball diamonds! Wish it would rain! #JackMurphyStadium #Astrodome #O.Co,NA
"Freeways flooded,  basements flooded in many homes,  even loss of life. For me,  comprehensive damages and a $100 deductible...",NA
Fuck d rain,NA
Fuck i got rain all over me i hear its floods all over MI,NA
FUCK Taylor MI and their flood plains. I have 2 inches of water in my basement and $500 worth of art and art supplies that are ruined. #FUCK,A
Fuck the Rain yo ð¦ð©,NA
FUCK THIS GODDAM RAIN!!! EVERY STRETT IS FLOODED !!! FUCK DOWNRIVER!!!!,NA
"Fuck,  fuck,  fuck. Basement hasn't flooded since 5th grade",NA
Fuckin hate Southgate cause it seems like every time we have a storm our power goes out this was the 2nd time in two weeks ugh,A
Full house at community flood meeting at HYPE Rec. Center in Dearborn Heights @ H.Y.P.E Recreationâ¦ http://t.co/9Zg5ssbN3d,NA
Fun fact: the roads are slickest at first fall of rain,NA
"Funny how the rain can signify so much,  it makes me feel like it's okay to hurt and okay to be sad for a day #nonstopstorms #significant ðªâï¸",NA
Gave the interns the day off! It's a rainy and flooding day in the D. #Detroit #eventprosrock #entrepreneur #workingfromhome,NA
"Gearing up for round 2...#yougottabekiddingme #flood #royaloak #sewerprobs @ Royal Oak,  Michigan http://t.co/NFqPPKXZ6I",NA
Generic tweet about the rain,NA
Gente dramatica ð it's flooded pero se la pasan en la calle todavia ðð!!!,NA
Getting caught in the rain in the middle of a run is not my cup of tea today,NA
Glad I get screamed at for the basement flooding like it's my fault.,NA
Glad my parents paid 2k to make my basement flood proof #blessed,NA
GM Tech Center closes; auto production slows across metro Detroit after flooding @crainsdetroit http://t.co/6Lvznuuub9,NA
GM up had good night and a even better morning woke up next to him in nice morning sex now bouts relax I jus love wen it rain ð,NA
God is washing all of our sins away with this rain. ð©ðð,NA
"going out in the rain just to hangout with you,  you're fucking welcome",NA
Going to see Into The Storm @ 230. Free popcorn Tuesday! #Bet,NA
Gonna be basic with my flood pics BUT LOOK AT MY STREET!? http://t.co/MGx2I0xQGw,NA
gonna go drown myself in this rain so i dont have to see my parents reaction to my phone,NA
Goon squad rain walk!,NA
GOP Gov. Makes Tone Deaf Comment About Disastrous Floods - http://t.co/0sFCG9rJEL,NA
Got to love a nice storm ðð´,NA
Got to love when your basement floods and more then half your shit is ruined,NA
"Got to the wedding on time,  I thought we would be late due to flood traffic,  but we made! I hope weâ¦ http://t.co/6Q0PoqNSau",NA
"Got wet working today. âï¸ð·ð#detroitflood #photographer #detroit #rainbow @ Detroit,  Michigan http://t.co/aUI8t8k0tl",NA
Gov. Rick Snyder Compares Disastrous Detroit Flooding To A Leak At His Lake House http://t.co/D33zYcoFsN via @HuffPostPol,NA
Grass is greener nor water is higher. You're call. #floodmagedon #detroit #2014 @ Casa De Chia http://t.co/YYL2NgF1uO,NA
Grateful to have a dry basement after the pounding all my friends in my hometown are dealing with....flooded basements suck! #floodageddon,NA
"Great,  more rain!",NA
Guess there's too many people god doesn't like. He is flooding the earth once again,NA
Guess we're not taking THAT route now â@Tawaki_313: Cars trapped on the Lodge Freeway. #detroitflood http://t.co/L6okwE0NYCâ,A
Ha my sub division is nearly waist deep and the creek flooded #wet,NA
Had to #repost This #detroitflood pic lolâ¦ http://t.co/OFU2mGSUwX,NA
Haha is it really bout to storm again?,NA
Haha its raining so all you football players have to practice in the rain or go inside ð,NA
Haha my dad is part of the 1% in dearborn that has flood insurance. But my house didnt flood:l,NA
Hahaha imagine Rachel's smart car in this flood,NA
Hahaha so everybody streets flooded from the rain storm!!! Mines not!!! ðððð,NA
Half of Michigan is flooded so that's awesome ð,NA
hangout with me during the storm,NA
Happy birthday @davehankmoody! Adventures avoiding Detroit because #flood #pho #bahnmi #cancanâ¦ http://t.co/YT8tmqgw60,NA
Happy for the rain! It stopped production:) Going home,NA
Happy Hump Day!!!! PiYo Sweat on our last week!!!!ðªâï¸ðª So happy it's sunny out and not flooding hereâ¦ http://t.co/yYyy0OoFEc,NA
Has anybody noticed the rain outside??!!!??! #Sarcasm,NA
Hate driving in the rain,NA
Have a feeling my family is going to stay home tomorrow because of all the floods and that sucks because they will ruin my plans,NA
Have not had this much rain since Nam,NA
Have to reschedule doctors appointment because of the rain yesterday,NA
Having a cold air intake with lots of rain and flood water isnt good. Water in the my air filter sucks.,NA
Having a snorkel is fun in these flooded roads,NA
Having your daughter stranded in this storm of 2014 was exhausting.#mothernatureprobs,NA
Headed to EL amidst the flooding madness paaaaarttaaay,NA
Heavy rain and lightning. Hale has passed. storm is moving east fairly quickly.,NA
"Hell naw,  this rain needs to chill",NA
Hello morning storm.,NA
Helplessness Blues Coffee Rain Journal,NA
Hep A and DTAP just to be safe. They say better to do it if you aren't sure when you last had 'em. #GreatFloodOf2014 https://t.co/6BxQejuZMz,NA
Here comes the next round of storms.,NA
Here comes the rain,NA
"Hey @Deetroit_Dave how's your day going? Be glad you wasn't in the D yesterday,  stormed all day,  massive floods everywhere ð³ððð¥",NA
Hey mother nature! Send some of this rain west to the plains will ya! #detroitflood,NA
"Hey storm,  thank you for scaring this pup awake.",NA
"Hey,  Goggle maps -- stop taking me to a road you know is closed!!!!!!!!!!!!!! #floodageddon #detroitflood",NA
Highways floodedâTHANKS Obama,NA
HIT THE STRIP MAKE IT HURRICANEð¦ HOES TRY TO LEAVE ME BUT THEY CANT STAY AWAY THEM BITCHES JUST GET THE COMING BACK LIKE THEY A BOOMERANGð¯,NA
Holy fuck the back yard is so flooded,NA
Holy fucking floods lmao get the ark bitches,NA
Holy hell everywhere is flooded...I literally just saw a car half way submerged :/,NA
Holy rain,NA
Holy shit there's flooding? In Michigan?,NA
Holy shit this rain,NA
Holy shit. Flood warning. Cars on the street are halfway submerged in water #sendthiswatertoCA,NA
Home ownership is turning out to be challenging. So many call offs at work (all flood related); noâ¦ http://t.co/fhCVs9qK66,NA
Honestly if you can't handle driving in the rain then don't be on the road,NA
Hope everyone in ny is safe today. After getting rain past my waist i feel your pain!,NA
Hope this basement don't flood tho,NA
Hopefully I can get to work without my ark #DetroitFlood2014,NA
How am I supposed to get to work when every road is closed due to flooding,NA
How didn't my basement flood ð³,NA
How does a school on ground level floodð,NA
How many people does it take to drive through a flash flood. http://t.co/3Oc5CSvqOV,NA
"How many times can you chant ""it's just stuff"" before you start to feel like you didn't lose pieces of your history. ð #stupidflood",NA
How TF did I manage to get caught in this rain AGAIN,NA
How the fuck does the sky have any more water in it after yesterday..... like I better see one bad ass storm if its raining... AGAIN,NA
http://t.co/vMHHQw4lcB Poor rich person with holes in lake house. #ohreally?#outoftouch #DetroitFlood #givemeabreakalready,NA
Hurry up rain ! wash this tigers game out dam .,NA
I absolutely love the rain IF I don't have to go anywhere which I do so fuck you rain,NA
I actually like the rain ð,NA
I aint neva know rain cn b such a bitch #Negroknowledge,NA
I almost died like 5 times on the road today cuz of the rain,NA
I also picked the wrong day to leave my 20+ decorative pillows outdoors. #flooding,NA
I am 100% counting on this rain today âï¸,NA
"I am convinced the Blood still works! Leading prayer last night,  while the rain was falling,  beforeâ¦ http://t.co/ek52lM7azl",NA
I am going to be like 40 wearing my chi omega rain jacket because it's the best thing ever,NA
I am loving this rain right now. So relaxing,NA
I believe Hines drive is flooded??!!,NA
I bet Niggas had a Big ass Sleep Over At they jobs Cause of this flood shit,NA
I bet y'all wishing you had flood insurance right now lol,NA
I came to Detroit just in time for the worst rainfall and flooding they've ever had in history. Great.,NA
I can hear the rain over my headphones what is this,NA
I can't believe how many roads were still flooded this late.. praying everyone made it home safe tonight.,NA
I can't believe I walked all the way from work to my daddy house in the rain earlier...,NA
I can't believe that were open today the museum is flooded and more rain is on the way #THFprobs,NA
I can't handle the rain today,NA
I can't stand rain during the day ð,NA
I can't wait for work to be boring as fuck today because of rain!ðð«,NA
I can't wait until a few days from now so everyone can talk about something other than the rain.,NA
I cannot believe this rain..,NA
I cant Believe my basement Flooded,NA
I clearly didn't read directions on 1/4 C bleach to 2 C H2o(is that even right?!) my eyes are BURNING #blind #byeperfectvision #detroitflood,NA
"I cried because I had to toss out some classic records and comic books that were damaged by flood water,  and they weren't even mine",NA
"I did my eyeliner perfectly today,  so naturally it would storm making me a prisoner in my house all day again.",NA
I didn't hear a storm this morning ð³,NA
I didn't think rain went sideways I always thought it went up and down...,NA
I don't even mind this rain,NA
I don't give a shit if my street is flooded if I don't get into the gym I will murder someone,NA
I don't like being home alone during storms sos,NA
I don't like driving in the rain,NA
I don't mind spending everyday out on your corner in pouring rain,NA
I don't think I've ever witnessed a flood like what's happening to Woodward in Royal Oak right now...,NA
I don't wanna be trapped inside just because of this storm,NA
I Don't Wanna Go Down To The #Basement: http://t.co/jd7eXGpvGx Ramones #flood,NA
I don't wanna go to the field it's pooring rainð­,NA
"I don't wanna stay in my house,  it smells horrible &amp; I want to puke. Thanks flood.",NA
I drove down two different streets to get to Taco Bell and i realized how lucky I was to not have any flooding in my basement.,NA
I fear rain now ð,NA
I feel bad for all the people that had to sleep in their trucks for 16 hours from the flood,NA
I feel bad for people who drove in the flood yesterday cause that can really mess up the engine,NA
I feel bad so many basements are flooded ð¥,NA
I feel like I missed the exciting part today with the rain so I'm out adventuring around... https://t.co/E7UeWWZJ5t http://t.co/sgR7Um78Xq,NA
I feel so bad for everybody who got their basement flooded.. I've been doing a lot of work for them &amp; they really lost a lot,NA
I fuck with rain heavy ð¯,NA
I fucking hate the rain.,NA
I fw this rain,NA
I got called off because the parents I nanny both work in Detroit and it's flooded that bad!!!,NA
I got caught in the rain tho ð,NA
I got off work at 8 and got home at 230 because of the flood drove through 4 ft of water,NA
i hate rain,NA
I hate the fact that it's been raining all day I love the rain but damn can it calm down for a second ?,NA
I hate when people say they are scared of rain or thunder . Like stfu . Yall act like it's gonna come in yall house and kill yallð´ð´,NA
"I have an idea,  let's develop a drain to California so we won't get flooded like this week!!",NA
"I have never been covered in so much dirt,  cobwebs,  dust,  lint...Lord knows what else from cleaning. UGH. #detroitflood #basementcleaning",NA
I have never liked rain or storms. This is why.,NA
"I have NEVER missed work b/c of snow.. No matter how bad,  I have always made it!!! But last night's rain/flooding killed it!",NA
I haven't driven in a month and now I have to drive my new car home in the pouring rain. Lovely. #alreadyscared,NA
I heard it's supposed 2nd wave of rain,NA
I hope KFC floods,NA
I hope this flooding shows Warren that they need to start fixing these roads right,NA
I just had to walk 2 blocks in my uniform thru the flood and thru the streets. My fuckin feet are soaked,NA
I just love the rain I don't know whyð,NA
I just might get drunk and play in the flood.,NA
I just wanna fuck in just leave you thinking in this rain...,NA
I just want no part of this rain/flooding situation. I'm supposed to work outside tonight.,NA
I just want to sit here and watch this storm.,NA
I kind of hate my life right now. Flooded basement. No power. Things are not going my way.,NA
I kinda like the rain water for my hair though.,NA
I kinda really love rain ð,NA
I knew I should have invested in that kayak. #thegreatflood #atlantis #jkitsmichigan #stillstuckintraffic #wheresmychapstick,NA
I knew working in a building shaped like a boat was a good idea #detroitflood http://t.co/ilpNUsFBQ7,NA
I know a few niggas in the township basements then flooded,NA
I know it crazy but I #love #storms,NA
I like rain... as long as there's no thunder,NA
I LIKE THE SUMMER RAIN,NA
I LOCKED CHAY AND I OUT OF MY HOUSE IN THE RAIN r u kidding me dammit,NA
I love driving in the rain ðâï¸,NA
I love playing in the rainâºï¸âï¸,NA
I love rain as long as it doesn't fuck with my plans.,NA
I love rain ðâï¸â¡ï¸,NA
I love rain tho ð¶,NA
I love rain!!,NA
I love the rain âºï¸,NA
I LOVE THUNDERSTORMS,NA
I love thunderstorms they make me sleepy,NA
I loveeeee sleeping when it storms ð¤ð,NA
I Lowkey like the rainð it's jus the thundering and lighting partðð©,NA
"i luv tha rain,  i do not luv pushing stalled out cars",NA
I might never make it home. Thanks rain.,NA
I missed this whole flooding bc I was stuck at work,NA
I need a drive through Starbucks ASAP so I don't get wet from the rain,NA
i need a speedy freeze but driving in the rain is the worst,NA
I need a storm buddy,NA
I need rain boots,NA
I never get tired of rainâï¸,NA
"I never thought I'd say these words,  but,  I'll be glad when the rain stops so that I can resume myâ¦ http://t.co/KqxRdHEPUZ",NA
I not down with this rain,NA
I officially hate rain.,NA
I only found out it flooded thanks to social media..,NA
I only like rain because free car wash,NA
I played rain music on Sunday and wished it would rain and I woke up went to the hospital and jeez..,NA
I pray we don't get caught in this stormâï¸ððð,NA
I really don't wanna walk home in the rain.,NA
I really love this rain,NA
I really really really hope it doesn't rain ð¯,NA
I really want Hunter rain boots ðâï¸,NA
I really want to go on a walk..why must there be rain?,NA
I saw all of Michigan flooded over Snapchat and Twitter! SMH,NA
I see the price of gas is on he uptick... I'm sure they'll blame it on the floods,NA
i see this rain got these hoes craving sex ð,NA
I set fire to the rain ð¶ ð¥ð§,NA
I slept thru a hurricane,NA
i spent 4 years of my life trying to get you to notice me on twitter and standing outside in the freezing rain ... @BrunoMars,NA
I still love this rain like idc if my basement floods lol,NA
I suggest everyone download one of the free police scanner apps. Crazy shit is going down everywhere. Riots/protests/shootings/floods #crazy,NA
I survived #Floodageddon thank You Above! Now for major workout cleaning a basement eee #Detroit http://t.co/UWR4JyToXx,NA
I survived the extreme metro Detroit flooding of 2014,NA
i swear if I get stuck at football because of the storm ð­ my little car can't take all this,NA
I swear the minute it starts to rain everyone forgets how to drive,NA
I take Fenkell to Grand River. No problems. #repost #flood #detroit #mothernature #stupidpeopleâ¦ http://t.co/cxk7ybwNEM,NA
I think god is crying so much. That's why there's all this rain. Robin Williams.,NA
I think I would rather sit outside in the rain than go to work.,NA
I Think Its Finna Rain Soon,NA
I think lightning just hit my house. My heart stopped for a second. This storm is sweet.,NA
I think there's going to be a bleach shortage ð³. #afterthestorm #cleaning #disinfecting @ Family Dollar http://t.co/XwRzifG4Tw,NA
I thought they tell people never to drive in flooded water,NA
I walked through the flood up to my balls didn't want to get them wet,NA
I Wanna Go see Into The Storm ð,NA
I wanna see into the storm today so bad but als always sleepin,NA
I wanna wear good shoes today but it's suppose to rain....,NA
I want to give a shout out too my friend @MWeatherguy for getting all the photos from tonight flood he has worked hard,NA
I want to see Into the Storm.,NA
"I was playing Hurricane by Parachute,  and my mom yelled at me. She said I'm not allowed to play any rain related music ð",NA
"I was showing the cook the picture of the flooded freeway on Twitter and he goes ""... Does that say Tits?"" Lmfao great",NA
I wish I could take you back to California with me #rain,NA
I wish it wasn't frowned upon to get naked and shower in the rain... But it's never stopped me before so I won't let it stop me now!,NA
I wish it would just fucking rain already.,NA
I wish my dogs weren't so damn annoying every time there's a thunderstorm.,NA
"I wish my neighborhood was flooded,  I wanted to go swimming anyway today.",NA
I wish my street was flooded so i can float on it!,NA
I wish this rain would go away ð,NA
I wonder if anywhere in metro detroit is flooded and if Robin Williams is alive.,NA
I wonder if I should invest in an umbrella? #detroitflood,NA
I wonder if people realized they were swimming in rain and water from the sewers.,NA
I wonder if the research building got flooded....,NA
I would get caught walkin in the rain lol that's coo,NA
I would have been perfectly happy to lay in bed and listen to the rain with #Hera laying on me. #catâ¦ http://t.co/zzMNlVMkO5,NA
I would just like a vanilla cone dipped in cherry but this rain is in the way ðð,NA
I-75 and I-696 right now... #Floodpocolypse #DetroitFlood http://t.co/Xv1PCpTvPu,A
I'm actually hoping everyone didn't lose too much from the flood last night. It's been pretty rough on everyone,NA
"I'm amazed at all the people who blow up my phone when all is well bit in times of despair and flooding,  no one can be found. SMH",NA
I'm going to need a boat to get to work in the morning #flooded,NA
I'm going to see Into to Storm,NA
"I'm hungry this rain making me sleepy I just wanna eat,  get full and chill with my girl",NA
I'm laughing at all the Costco members coming inside from the flood. Suck that! HAHAAAAAAA,NA
I'm looking at everyone's snap chats stories and everyone's basement got fucked with flooding ð I feel your pain though guys,NA
I'm looking forward to having a Brazil Bourbon americano this morning. I'll forget #meandmybrokenheart #floodedbasement,NA
"I'm naming what happened yesterday the ""Sturgeon Flood""",NA
I'm not use to all this rain.....I need some sunshine in my life,NA
I'm really diggin this rain right now. âï¸,NA
I'm really hoping my basement doesn't flood again..,NA
I'm seriously loving all this rain,NA
I'm sleepy all this damn rain,NA
I'm so depressed with all this rain,NA
I'm so lucky my car didn't die when it stalled in the flood ð,NA
I'm so over this flood ... So fucking over it and we got it easy next to my nabbers who got waist deep ð,NA
I'm so sad man my room is flooded ð©,NA
I'm stuck at work on at 8 mile n everything flooded ð ð ð ,A
I'm trying to hang. This rain mannn lol,NA
I've always been so grateful that my basement has never flooded once and here I am..5 inches of water still flowin,NA
I've always wanted a pool and thanks to the rain I now have one,NA
I've been shielding myself from the world.. Turned my crib into a shelter.. I didn't know it flooded or people were rallying..,NA
I've been waitin for the sun to come and dry up all this rain,NA
I75 flooded af cars stunk smh god bless this country,A
"If anyone had doubts that it is flooding,  walk through Riverland park. Walking through knee deep Clinton River on the paths. It's great.",A
"If anyone has the idea to go out and drive in this,  don't! The whole inside of our truck got flooded and we had to walk home -____-",NA
"If anyone needs some restoration textile cleaning AND HAVE TALKED TO YOUR INSURANCE COMPANY after the flood,  call huntington cleaners. &lt;3",NA
If anyone wants to go for a swim my street has become a swimming pool and it completely flooded,NA
If everyone's precious comic books and memory boxes are so important why were they in your basement closet?? #flooded,NA
If I didn't have a truck I wouldn't have made it back home. Major flooding in Canton.,A
If I go home and my street is flooded I will cry,NA
If I've learned anything from this flood it's how to be more self sufficient.,NA
If it was winter rn all that rain would be snow ð³,NA
If it were winter though...all this rain would be snow.,NA
"if normal rain is cuddling weather,  then i don't wanna know what type of weird shit people are doing right now",NA
If say it's a little flooded http://t.co/w0FjAIUJQz,NA
"If these Detroit floods aren't a call to action about infrastructure investment,  I don't know what is.",NA
"If this had been a hurricane/tornado where would I seek shelter,  in my swimming pool aka basement?",NA
"If today is suppose to be worse than yesterday,  sorry Doug âï¸ not about to chill in a flooded store so I can just be stranded there again.",NA
If you like pina colada's and getting caught in the rain.,NA
"If you want to see sunshine,  you have to weather the storm",NA
"If you're 18&amp;want to help @drawbuckets help people affected by flooding,  please contact their twitter page. We fundraised for them in Dec'13",NA
If you're in Detroit stay home trust me the freeways and streets are still flooded and all the dry ones are back up,NA
If your basement didn't flood you are the luckiest person,NA
Ill find a way to your house babe. Fuck the floods ik what I can and cannot go through.,NA
"In case anyone was wondering if having both 96 (construction) and 696 (flooded) closed affects morning rush hour,  the answer is yes. #fb",NA
"In other news my basement flooded,  check my snap story for laugh.",NA
In trying to get to airport-which takes 45 mins. took 1.5 hrs to avoid flooded highways-I saw this: #HoodRich @Ford http://t.co/bsFoZklhD3,NA
Insane Pictures Of The Detroit Underwater After Severe Thunderstorms - BuzzFeed http://t.co/Amm0MUvYcH,NA
Instead of sleeping in tm. []_[] should get up and come help with all flooding in Warren. 8:30am sharp at the Warren City Hall. Be there ð,A
"Insurance comps are telling Metro Detroiters they won't cover basement flooding claims: ""It's an act of God."" #DetroitWater #DetroitFlood",NA
Into The Storm is a terrible movie.,NA
Into the storm was amazing but I saw it a half hour ago and my muscles are still stressed... ð³,NA
Into the storm was good af,NA
Is it flooded by Regina?Â¿,A
"Is it just me or is mid-August prone to natural disasters. All of the worst floods,  blackouts,  etc that I can remember happened around then.",NA
Is it just me or is the rain calming at night to hear lol,NA
Is the freeway still flooded,NA
"Is this the ""into the storm"" sequal",NA
is Woodward flooded?,NA
isn't it gonna rain more today? ððð,NA
It ain't no #doublerainbow but I don't care. #Detroit #DetroitFlood @ Dequindre Cut http://t.co/EjtXuiVlof,NA
It can rain but not all day ð,NA
It decides to storm 15 minutes before I leave work ð ,NA
It finna rain again about chill in the house,NA
It looks like taking 12mile though flooded home over 696 today was the right call! Holy flood batman,NA
It needs to rain!,NA
It supposed to rain all day today and tomorrow ððð ,NA
It took 2 days &amp; a helicopter for @onetoughnerd to declare a state of disaster! what changed your mind? #DetroitFlood @detroitnews,NA
It was just drying up in my sister's neighborhood Rain Again!...#Detroit #DetroitFlood #Floodageddonâ¦ http://t.co/KAc1DOHuow,NA
It would be perfect if we lost power at the office during this storm,NA
It's 5:45am and there's enough traffic for it to be 8am... #onlyroutenotflooded #highwayclosestruggs,NA
It's a typhoon outside. Why can't we just cancel practice,NA
It's About To Rain ... Let's Do It ðð,NA
It's about to rain againð©ðâï¸â¡ï¸âï¸,NA
it's about to storm again .,NA
"It's fucking cars underwater and ppl stuck in builds that are flooding with no food or heat,  but it's not that serious da fuckkk",NA
It's funny how we got stick out in auburn hills cuz the roads were flooded last nightð,NA
It's gonna flood 10x worse today if this rain keeps up,NA
It's gonna rain all day ð,NA
It's gonna rain tn at drake and Wayne... Lol,NA
"It's gotten even higher since ð #flood #royaloak #fml @ Royal Oak,  Michigan http://t.co/YKFm7YPb21",NA
It's like a storm That cuts a path It breaks your will It feels like that ðµ,NA
It's nice not driving home in death-rain.,NA
It's nice to see people in Dearborn have such a sense of humor about the rain vortex lmaooo,NA
It's only flooding cuz of so many tears for Robin,NA
"It's pouring down rain,  I hate showing homes in this crap. #Detroit",NA
It's real life flooding on the streets right now,NA
"It's sad,  almost every single house I pass has half their basement on the curb. We got so lucky. Phew #DetroitFlood",NA
"It's so much rain,  everything flooding. Is this hurricane Daquan?",NA
"It's still sunny in Sterling Heights,  but I'm sure that will be changing soon. Storms are close.",NA
It's still this flooded. http://t.co/QU5F5sNXvr,NA
"It's suppose to storm tonight,  I need babe.",NA
It's supposed to rain a little bit &amp; I'm #TERRIFIED.,NA
it's supposed to rain again today,NA
It's that day again #mikeshotmonday #mike #mosher #guap #taken #gym #rain #facetime #towelâ¦ http://t.co/e2R8IlsvRK,NA
Its about to rain again later tonight..,NA
"Its bouta rain again ,  fuck.",NA
Its days like these that make me pity Prius owners #jeep #flooding #lol,NA
Its flooded everywhere,NA
Its floods everywhere,NA
Its gone rain all day,NA
Its gonna rain !! Hopefully not another floodðâ,NA
Its horrible having a day off and it does nothing but rain all day,NA
Its kind of ridiculous how the govt uses the flooding from mother nature (nothing controllable by us) as a way to punish us economically.,NA
Its pouring rain over here hahahah. Mother nature is almost as depressed as me.,NA
Jake is such a bitch when it comes to rain. ð¹,NA
Jefferson is flooded and I love it,A
Jesus tits... this rain today,NA
jk I love rain who am I kidding,NA
just driving down the #river to #detroit #rain #weather #puremichigan #michigan #globalwarmingâ¦ http://t.co/KV2M2WrBQX,NA
Just found out it's hailing in #Dearborn! I don't want to drive in that! #floodageddon #idontwanttoplay!,A
Just getting home from being stranded bc of floods everywhere! ð©ð« #ThankGod,NA
Just got a glimpse of some flooded abandoned cars on the freeway ð± http://t.co/pcNVhf09LI,NA
Just gotta love this rain,NA
Just hydroplaned the fuck out of my grandmas caddy ð³ð³ fuck this rain yo.,NA
Just saw the James brown movie and that storm movie both was good,NA
Just trucking on through the flooded streets in my rain boots...don't mind me âï¸,NA
Just what we need eh? More rain. Thank God I'm home this time.,NA
Justin Floods basement got flooded,NA
"Keep your hearts out to metro Detroit,  a lot of people lost everything to these floods over the past couple of days",NA
"Keeping my head above water,  thinking of those who are flooded or stranded.#metrodetroitflooding",NA
Kinda wish I was playing in this flood right now ðð,NA
Kinda worried as to how im supposed to get to work tn if everything is flooded ð,NA
Kissing in the rain isn't as cute as the movies make it out to be..,NA
Kudos to the dad who is standing in the rain to get his son an ice cream.,NA
Lake Martindale.. #detroitflood http://t.co/OW56XRjH0g,NA
"Lake Meyers. Adjacent to Lake Manor and Lake Appoline. #Detroit Flood. @ Detroit,  Michigan http://t.co/ZOz47A0fgB",NA
"Landed in Detroit,  rain rain and more rain.",NA
"Last football session of the year,  playing sport is always better in the rain! ð",NA
Last night's flood caused a lot of people to material things.....but some lost their lives #countyourblessings,NA
last years journal documenting my suicide attempt got destroyed in my basement flood last night,NA
"Layin down otp ,  rain making me sleepy ð§ð´ð¤",NA
"left the sag hot n sunny,  came back to it cold n flooded #tragic #michiganweather",NA
Left work early to make it to Shelby township tonight. This is 8 mile already. #floodrecovery http://t.co/2JZj48iOy6,NA
"Left work,  downtown Detroit,  at 530. Still trying to get home in this rain. Yikes!",NA
Legs....... â« Can't Stop My Heart from Loving You (The Rain Song) by Aaron Neville (at @lafitness) â https://t.co/0kKeLWmfpn,NA
Lest hope this storm doesn't cause the same damage as last nights #needmarchingband,NA
Let it stormâ¡ï¸âï¸âï¸,NA
Let's all just updated our snapchat story with a picture of rain,NA
Let's just say the flooding was so bad that at 13 and mound there was a guy doing a back stroke in the middle of the road. How was your day?,A
Let's move on to my next #firstworldproblem .... F THIS TRAFFIC JAM #thegreatflood2k14 #atlantis #beepyourhornonemoretime,NA
Life lesson: always go to a concert in the rain,NA
"Light skies to the east,  rain has lessened quickly from a downpour to a drizzle.",NA
Like Megan saying lets go chase the storm.,NA
Like tht is so terrible and the ppl where just standing out in the rain with a burning building,NA
"Listening to ""everything's ruined"" by @FaithNoMore ,  after dealing with the Great Flood of Detroit ... perfect song http://t.co/Zc7siMc3WY",NA
"Listening to the rain and thunder,  wishing I had an ark... (@ Casa de L'Anesi in Royal Oak,  MI) https://t.co/a8UuTCwCfC",NA
Literally flooded everywhere,NA
Literally hate rain,NA
Literally my cobalt is flooded.,NA
Litterally tip toeing in my jordans cause of this rain right now,NA
"Live in Shelby Twp.,  Sterling Heights,  or Utica? Send flooding pics to sean.delaney@advisorsource.com",A
Lmfao no more storms?,NA
Lol it's suppose to rain again tomorrow,NA
Lol ppl are canoeing over here lmao I've never seen a flood like this before. There's going to be so many places closed tom. Ppls basements,NA
lol sry that the clouds wanted to cry and now our basement is flooded kuya ill try harder next time,NA
Long drives in the rain,NA
Longboarding in the rain with Lil. ð¬,NA
"Look me In my eyes nd try to feel my pain,  you don't know how it feels to be left out in the rain.",NA
Looks like @Google Streets has some competition. Too bad this @bing car is visiting post-flood disaster http://t.co/PLq3hRS9HZ,NA
Looks like I'm trapped at my house once again due to rain ð ,NA
Looks like The Walking Dead on the roads this morning with all the cars abandoned because of the flood. I've never seen anything like this.,NA
Looks like tonight it's gonna be drake vs. Lil Rain,NA
Lord I pray for all Detroit's people to be safe in this flooded out day rain like never before and it's coming again tomorrow im heade south,NA
Lord if you're listening please keep everyone safee and let us get through this storm thats coming our way today.,NA
LORD It's Raining Again in #Detroit #Michigan ##Floodageddon @ Poppleton Park http://t.co/8Atq2OG98i,A
losing the jean couch was defiantly the biggest tragedy of the flood (yess I had a denim couch) oh &amp; dont forget about the pocket pillows,NA
Lost my @BarrySanders football football poster from @littlecaesars in last night's flooding. Had that thing for 20 years. ):,NA
Love coming to work and it looking like a tornado hit our work area. Obviously it's super hard to clean up after yourself.,NA
love hate relationship w rain,NA
love the sound of rain,NA
loving this rain.,NA
"Luv dis rain. Think I am destined to live in any/all of Seattle,  Portland,  London.",NA
"Macomb Exec Hackel says more than 20, 000 homes/businesses making flooding claims,  including Warren",NA
Macomb is the Titanic right now. We're all going down. #floods,NA
Mad is hell i got caught in the rain,NA
Made home from work in time another storm,NA
"Major flooding! 3"" in the last 2 hours here. More in other places.",A
"Man all my niggas in ypsi are like ""what rain"" while all my niggas down river are swimming.",NA
Man if my street was flooded I would have went swimming fuck that ð,NA
"Man it was awful nigga ""@KasG973: @Titties4Sale how much rain yal got shit""",NA
Man my fucking basement flooded,NA
Man this fucking flood is such a headache,NA
MASSIVE flooding of basements in suburban Detroit. We are sending crews out to help ppl clean/pump out water. Get at us if you want to help.,NA
Maybe I'll get sent home because off the rain,NA
Meanwhile in Michigan it's the great flood #puremichigan #realdetroit How's the weather where you are? http://t.co/tzAa3xWVZ8,NA
"Meanwhile,  in Detroit. #likeaboss #detroit #flood #flooding #keg #beer #raft #floating #mothernature @â¦ http://t.co/dF4hGr18ju",NA
Mya and zoey are terrified of this rain and my over protective koda wont let them by me..,NA
Omfg really it had to rain....,NA
R gym is scattered with buckets from rainððð http://t.co/6rMtuiFlks,NA
Rain ~Bruno Mars ðð,NA
Rain got me schlepppy doe,NA
Rain I have things to do. Please stop,NA
Rain makes me so sleepy,NA
Rain Making Me Sleepy,NA
rain where you at??? i wanna leave work early ððð,NA
Rain+Lightning+3hour practice=sad me,NA
"Remember bowlers,  stay away from Bowlmor/AMF/Brunswick. Buy EBI and Storm.",NA
Sick of this rain,NA
Sooo much rain I love itðð,NA
storms are important,NA
Streets are flooded ð,NA
The rain just ruins my day,NA
The thunder is making the ground shake...but the calmness of the rain is relaxing. #rain #thunder #MixedEmotions,NA
these two are prepared for the #armadafair #rain @ Armada Agricultural Fair http://t.co/JDLGhQlFE1,NA
This rain ð§â Messing With my plans .,NA
This rain is crazy ð³,NA
This rain is making me want to fall asleep,NA
This young couple was just crying &amp; hugging in the pouring rain next to a Range Rover. Who says you can't live in a Nicholas Sparks book?ðâï¸,NA
Wearing mud boots to the fair because of this damn rain,NA
"Well,  it was a nice fours days back home without any rain..âï¸",NA
When I drift because of the rain it just makes me excited for snow,NA
whoops now there's a flood warning,NA
Writing in the rain âï¸âï¸ http://t.co/VV4zzqrKMe,NA