".@govph issues rainfall advisories, alerts for possible evacuation as #Hagupit moves across Philippines http://t.co/HEed42Efxh",NA
".@kuminaidoo bears witness in Laiya, Batangas. #Hagupit is expected to landfall here 6pm tonight. #COP20 http://t.co/5A9WwgxBLB",A
"""@ABSCBNNews: 'Ruby' moves faster; Signal No. 2 in Manila by Monday http://t.co/6yLuCYgRf6 I via @dost_pagasa"" - Keep safe everyone #RubyPH",A
"""@CallanMcAuliffe: I hope all you fruitloops in the Philippines are preparing for typhoon #Hagupit #RubyPH stay safe!""",NA
"""@DepEd_PH: Please be prepared and take precautionary measures. Stay safe, everyone! #RubyPH http://t.co/xXfFgEeLhQ""",NA
"""@philredcross: Typhoon Ruby will make six landfalls from today to Monday. Please visit PRC's social media accounts for updates.  #RubyPH""",A
"""@UST_CSC: PAGASA says strongest effect of #RubyPH will be felt in Metro Manila between 8 - 10 p.m. tomorrow, Monday -@ABSCBNNews""",A
[New Y. Times. EUA] Death Toll From Typhoon Hagupit Rises in Philippines: The number killed by th... http://t.co/F3RLv069xz v√É¬≠a J.A.M.V,NA
"[News5] At least 27 dead, says Red Cross, as Hagupit weakens into a tropical depression http://t.co/a67WDZyDrH",NA
[News5] Hagupit expected to enter PH early Thursday; 44 areas put on 'critical' alert http://t.co/OJjLF6GRbf,A
[PTVph] ICYMI l l Official death toll from #RubyPH rose to 8 http://t.co/RsrJNDWy8p,NA
@BeboMundial Two die as storm lashes Philippines: Two people are reportedly killed by the typhoon pounding the Philippin...  @BeboMundial,NA
@dost_pagasa #RubyPH is expected to hit Calapan City on Monday. Does it mean we will experience the super strong winds as well???,NA
"@ohiwasnevergone ,jha r u okay ?RT @BBCNewsAsia: VIDEO: Powerful typhoon nears Philippines http://t.co/GKufses1PE",NA
"@PhilipDuncan TS #Hagupit is right smack over the top of us now... Yes, it's been torrential... Those red bits lol http://t.co/09Uj0RKGnS",NA
"@theterrorific Typhoon#Hagupit downgraded tropical storm as it approaches Philippine capital http://t.co/RBWxoBiCqP http://t.co/eJfxDJikYm""",NA
@TVPatrol  this&gt; KABAYAN. @kuyakim said 40% chance landfall despite ur correction last night  http://t.co/wuEDR25T3X,NA
#android #LG Second super typhoon in a year expected to devastate Philippines city -√¢‚Ç¨¬¶ http://t.co/lJ2ljjkUVP http://t.co/SzpifSLC8H #...,NA
"#Hagupit #RubyPH With the partial report released by the MDRRMC as of 4pm today, approximately  405 individuals... http://t.co/lsxsn26NFJ",NA
#Hagupit a Haiyan-like threat to the Philippines. http://t.co/yikjjZn2T2 http://t.co/6Fl4HJGwKZ, NA
"#Hagupit's rains have left and the sun's out, but sprawling fields will be flooded for days @AJEnglish @AJElive http://t.co/mxFOjMbHdy",NA
#Iphone Typhoon Hagupit threatens flooding and landslide misery  http://t.co/Gybll0Z2xW,NA
#ireland Two dead as Typhoon Hagupit lashes Philippines  http://t.co/BYrHjI7rlY,NA
#LeadCouture Typhoon Hagupit: at least three dead and a million evacuated in Philippines: Category 3 Hagupit √¢‚Ç¨‚Äú... http://t.co/SY2qSBYCPK,NA
#RubyPH  signal no. 3 cavite √°¬Ω¬¢BKeep safe everyone,A
"#RubyPH expected to make landfall in Dolores, Eastern Samar in minutes. #9newsph http://t.co/unIB80ZzID",A
#RubyPH is expected to make landfall tonight or Sunday morning over Eastern-Northern Samar area. @PanahonTV @PTVph,A
#RubyPH is trending. Whut.  Stay safe guys.,NA
#RubyPH lowered to a tropical depression. Metro Manila still in Signal #1. Stay safe! A rainy Tuesday ahead.,NA
"#RubyPH Update: 1AM today 07Dec.2014, Typhoon RUBY was located at 120km Southeast of Catarman, Northern Samar or... http://t.co/Z4YeH1kS1R",A
#RubyPH weakens but leaves 21 dead http://t.co/zim2SPb0Rr | @AP http://t.co/g9y3AIDcRF,NA
#RubyPH weakens but still dangerous: PAGASA http://t.co/g2Vrxqc6wx,NA
"#SafeNow - Ceferina Sunga, 30, last known to be in Taft, Eastern Samar. Contact details: 09288312029, 09064453846. #RubyPH #MovePH #RescuePH",A
√¢‚Ç¨≈ì@DawnZpost: Landfall threat is getting real. Hope our kababayans along the areas prepare well. #Hagupit #typhoon http://t.co/EBzGTfERNS√¢‚Ç¨¬ù,A
"√¢‚Ç¨ÀúHagupit√¢‚Ç¨‚Ñ¢ intensifies into a typhoon, to enter PAR Thursday | Sun.Star: http://t.co/KgjOtsHXfF via @sunstaronline",A
21 Dead As Hagupit Hits Philippines; Storm's Impact Less Severe Than Expected: At least 21 people are dead and... http://t.co/j66Bny9Vpm,NA
21 Dead: Hagupit weakens as it nears Philippine capital Manila http://t.co/mns5IFvZ04,NA
24hr operations at work starting tonight... blames Typhoon Hagupit... &gt;.&gt;,NA
"3 dead, 900000 evacuate as typhoon slams Philippines - Fox News: Fox News3 dead, 900000 evacuate as typhoon sl... http://t.co/Hc3mD1Rfck",NA
"3 dead, 900K evacuate as typhoon slams Philippines http://t.co/5FvkqSUQd8",NA
"3 deaths, injuries reported as Typhoon Hagupit floods parts of the Philippines http://t.co/BMsb4qejAp",NA
6 Q√¢‚Ç¨‚Ñ¢s About the News | Typhoon Hagupit Hits the Philippines http://t.co/oeYxiX8zdo #edchat #digln,NA
75 pct chance 'Hagupit' to hit Eastern Samar: PAGASA http://t.co/Qyw3L845ST,A
ALERT: Typhoon #RubyPH #Hagupit has entered the Philippine Area of Responsibility. #BePreparedPH,A
Another super typhoon Category 5 Hagupit (Ruby) heading for Philippines.Winds over 285km p/hr.Glad to live here. http://t.co/rL7sDTKETr,A
"As of 11 am today, signal no. 3 issued over Northern Samar, Eastern Samar, Samar, Biliran, Catanduanes, Albay, Sorsogon, Masbate. #RubyPH",A
"As of 5 pm, storm signals are up in 29 provinces due to #RubyPH. On what these signals mean: http://t.co/vqOGcAd3bM http://t.co/P7homMt250",A
"As Typhoon Hagupit (locally known as Ruby), inches closer to the Phiippines, community leaders like Mayor... http://t.co/8ikOC2wUTy",NA
At least 21 dead after typhoon batters Philippines: Typhoon Hagupit weakened into a tropical storm ... http://t.co/7jZtCw8bIG .@USATODAY,NA
"Bangko Sentral suspends clearing operations today, December 8, due to #RubyPH @9newsph http://t.co/YHsNFBHtS2",NA
"Batangas is still experiencing rains. From orange alert level, the rainfall warning has been lowered to yellow.  #RubyPH",NA
Be informed always. . . #RubyPH http://t.co/u1x521x0Is,NA
Be safe guyss! Stay indoors   #RubyPH,NA
Bed weather.. Stay dry everyone! :* #RubyPH,NA
Beware the storm's fury next time: The images of the typhoon zone in the Philippines should be all the reminde... http://t.co/T0iKca14vm,NA
"Brace yourself for #RubyPH arrival in Metro Manila. Charge all gadgets, ready emergency kits! Stay safe!√°¬Ω¬§F√°¬Ω¬§F http://t.co/RtWwsQEZ9u",NA
Deaths mount as typhoon churns over Philippines http://t.co/02XPmQwLyE Bing News Top,NA
DFA suspends consular operations today due to Typhoon #RubyPH #Hagupit | via @dfaspokesperson,NA
"DILG Sec Roxas: #RubyPH is moving faster. It will hit land in Dolores, Eastern Samar 11 pm Saturday | @miguelortilla",A
"Dir Raffy Alejandro, OCD 5: Currently no reported casualties from the Bicol Region. #RubyPH @rapplerdotcom",NA
"DZMM's @RADYOPATROL39: Baywalk, Manila experiencing strong winds ahead of #RubyPH landfall, some people still in area despite conditions.",A
Facing a typhoon is much scarier when you're alone. √°¬Ω¬¢D I should've gone home. √°¬Ω¬¢D√°¬Ω¬£0 #RubyPH,NA
"FLIGHT ADVISORY: Due to super typhoon #RUBY (international name: #HAGUPIT), some flights have been cancelled.... http://t.co/NFCtx2fJAP",NA
Flood Alert. #Manila #RubyPH #Hagupit http://t.co/ic3nZE4XAE,A
For safety tips #RubyPh √°¬Ω¬§F√°¬Ω¬§F√°¬Ω¬§F√°¬Ω¬§F #Repost smartcares √£∆í¬ª√£∆í¬ª√£∆í¬ª A few safety tips for #RubyPH. Be prepared and√¢‚Ç¨¬¶ http://t.co/Xl6ySbzfo8,NA
Four Killed As Typhoon Slams Into Philippines http://t.co/HNQAosCVdx,NA
Fuck. There's a super typhoon about to hit the Philippines with sustained winds of 175 mph. Gusts to 220 mph.,A
FULL STORY: Waning #RubyPH makes 4th landfall; 21 dead http://t.co/QYHAn1zuyk,NA
Go home early. And stay safe everyone. #RubyPH,NA
Good Evening √°¬Ω¬†4  Stay safe everyone!  #RubyPH √Ø¬ø¬Ω?√Ø¬ø¬Ω?√Ø¬ø¬Ω? http://t.co/MSqYpyjHQo,NA
"Hagupit Barreling Through the Philippines, Killing 24 - http://t.co/uVhaa35Ujd http://t.co/pKWPvPp8Bg #Typhoon",NA
"Hagupit batters Philippines, 2 dead http://t.co/atw1gahaIC",NA
"Hagupit batters Philippines, killing at least 25:",NA
Hagupit death toll rising - The storm that has buffeted the Philippines for days weakened Monday as it rumbled fro... http://t.co/B7oPX8Ilek,NA
"Hagupit on the track to become super typhoon, Philippines on alert http://t.co/9L669ZcQ1S",NA
How to provide first aid for fractures http://t.co/42zM1Ft8Mt #philippines,NA
http://t.co/7nPvQ9PqSQ | #Cebu LGUs start preparing for Typhoon #Ruby (#Hagupit),NA
http://t.co/UIirSfQrv7 Typhoon Hagupit threatens major flooding of Manila #LocalWeather http://t.co/DNnJM793kV,A
I hate the fact that people have been preparing due to fear and not discipline.#RubyPH,NA
International News √¢‚Ç¨¬¢√Ç¬†'Typhoon Sweeps Across Philippines' via @233liveOnline. Full story at http://t.co/VL2bH3dSrF,NA
It's Signal No. 3 here in #Laguna and we're all experiencing strong winds and rainfall. Stay safe! Dont forget to pray! √¢≈°¬°√Ø¬∏¬è√¢Àú‚Äù√Ø¬∏¬è√°¬Ω¬§F #RubyPH√¢‚Ç¨¬ù,A
JO's Milagrina Tacloban preparing for the Super Typhoon #RubyPH (#Hagupit) http://t.co/OcfbxIumEY,NA
KAPATID UPDATE HAGUPIT | NDRRMC looks into Red Cross report of more than 20 dead in Eastern Sam... http://t.co/4wH51j4TLV #WowoWillie,NA
"Keep Safe guys! #RubyPH √¢‚Ç¨¬¢ KathNiel Invades Dagupan √¢‚Ç¨¬¢ √¢¬ù¬§√Ø¬∏¬è -√°¬Ω∆íC""",NA
KEEP SAFE GUYS!!! @DomingoCriselle @aysieyar @charrleess @LudwigSad #walangpasok #RubyPH,NA
Looks like we're next huhu. Stay safe everyone! √°¬Ω¬¢D√¢Àú‚Äù√Ø¬∏¬è #RubyPH #Hagupit,NA
"Manila braces for storm after 27 killed: DOLORES, Philippines: Typhoon Hagupit weakened to a tropical storm as... http://t.co/rkfyx9BFU3",NA
MisOr in alert level C as Hagupit approaches√Ç¬†PHL http://t.co/p9uvlUKUj8,A
MT @cebugovph RED ALERT: All Disaster Risk Reduction Management units in #Cebu... http://t.co/yQx4bkmsJF #hmrd #RubyPH via ^rq,NA
"MT: via @dost_pagasa 12/7, 7p: Light to moderate rains affecting #Quezon, #Batangas, #Laguna and portions of #MetroManila #Hagupit",A
Navy/NRL TC_PAGES Page: http://t.co/QqtQJQbF4u 'Very Ugly': 32 Million in Philippines in Path of Typhoon Hagupit,NA
New post: Typhoon Hagupit kills at least two http://t.co/yogrz7jDoD,NA
"New Storm Threatens Philippines, the World's Most Disaster-Prone Country - Businessweek http://t.co/6q0MK2ScQz",NA
"No major damage in Philippine typhoon; 3 dead: LEGAZPI, Philippines (AP) √¢‚Ç¨‚Äù Typhoon Hagupit knocked out power, left√¢‚Ç¨¬¶ http://t.co/CF2PSBo01s",NA
"No Major Damage in Philippine Typhoon; 3 Dead: Typhoon weakens after hitting the Philippines, killing 3 and fo... http://t.co/Ohqf2hdr7q",NA
Novaleta municipality in Cavite province on alert for rising water level of Ilang-Ilang dam #RubyPH,A
Official death toll from typhoon Hagupit in Philippines rises to 19 http://t.co/gppQs3tJdb,NA
"PAGASA: Northern Cebu will be nearest the eye of typhoon Ruby (Hagupit) at noon tomorrow, Dec. 7, 2014.",A
Panic in Philippines as Typhoon Hagupit bears down on nation: Filipinos living in areas devastated by the worl... http://t.co/uahhDoZlwZ,NA
"Philippine capital braces for storm, as Hagupit leaves 21 dead: MANILA (Reuters) - The death toll from Typhoon... http://t.co/YMoYNDyHTw",NA
"Philippine capital braces for storm, as Hagupit leaves 27 dead: Source: http://t.co/WwlS6QH4TE√¢‚Ç¨¬¶ http://t.co/4lKoZiN1xb",NA
Philippines brace for another powerful typhoon - Fox News  http://t.co/ou1X0H3rz9,NA
"Philippines typhoon downgraded, but death toll rises to at least 22: Typhoon Hagupit weakened into a tropical ... http://t.co/5am5kjmDgs",NA
"Philippines typhoon weakens, at least 21 dead http://t.co/95mMLGjfhM",NA
"Philippines typhoon weaker, but still hazardous http://t.co/RYiNp8DigL",NA
"Philippines: Manila braces for storm, as typhoon Hagupit leaves 21 dead http://t.co/CDR6rGz6r9",NA
Photo: Heavy rain whipping through the air in Calbayog as winds pick up in the Philippines from Typhoon Hagupi... http://t.co/eVyUdKdEjM,A
Please be guided. Keep safe everyone! #RubyPH http://t.co/GYqQR16CFw,NA
Please leave the Philippine Area of Responsibility #RubyPH,NA
Police told to prepare for √¢‚Ç¨ÀúHagupit√¢‚Ç¨‚Ñ¢ http://t.co/3ZWu8Bt0J8,NA
Praying for safe return of missing trail runner Arwin Sta. Clara. Rescue teams  now in Tarak #Bataan looking for him. #Hiking #Philippines,NA
Prepare Ourselves because Typhoon Hagupit will be coming in Friday.. √¢‚Ç¨‚Äù feeling worried,NA
Rains now pouring in LB. #RubyPH,A
Relief in Philippines as typhoon weakens 4 dead: Hundreds of thousands of Filipinos returned on Monday to home... http://t.co/EdF9AewRDu,NA
Report: At least two people killed after Typhoon Hagupit made landfall in the Philippines. - @abcnews http://t.co/QYyoeUQTnM,NA
"Ripped gloves, Rain coat Tried to swim and stay afloat Wet house, wet clothes  #RubyPH",NA
"RT @143redangel: Ruby: Signal no. 3 now up in Northern Samar, Eastern Samar and Samar. #RubyPH @redcross143 http://t.co/RcnhLKGiSf",A
"RT @21shidae: ""@BBCNewsAsia: This is Typhoon #Hagupit's projected storm path http://t.co/b5fVEs7yno #RubyPH http://t.co/bOi2aOMtLa"" √°¬Ω¬¢D√°¬Ω¬§C√°¬Ω¬§F√°¬Ω≈†A",NA
RT @28storms: ECMWF tracks Super Typhoon #Hagupit almost directly over areas ravaged by #Haiyan. Other models farther north http://t.co/WYS√¢‚Ç¨¬¶,NA
RT @5SOSPHTeam: Take note of these emergency hotlines! Keep Safe guys! #RubyPH | via @DepEd_PH http://t.co/Cljj31Gk6Y,NA
RT @5SOSTeamAsia: Typhoon(Hagupit) #RubyPH will be at its strongest in Metro Manila around 8-10pm. Stay safe everyone! xx -jean,A
"RT @9newsph: PAGASA: Metro Manila can expect strong winds, light-moderate rain tonight, Dec. 7; may be placed under Sig #2 #RubyPH http://t√¢‚Ç¨¬¶",A
RT @ABSCBNChannel2: #Hagupit approaches the Philippines!! She's almost here.. #Pray http://t.co/wUrAFIPiwc,NA
"RT @ABSCBNChannel2: #Hagupit strengthens, with max. winds of 205kph. It has also slowed down, so landfall will now be Saturday afternoon. h√¢‚Ç¨¬¶",A
RT @ABSCBNNews: #RubyPH slowly entering Metro Manila http://t.co/pmZ8EVuSKl,A
RT @ABSCBNNews: Be prepared for #RubyPH |via @DepEd_PH #Hagupit http://t.co/6GS81ADjoL,NA
RT @ABSCBNNews: IN CASE YOU MISSED IT: Storm Warning Signals as per @dost_pagasa's 11AM weather bulletin. #RubyPH http://t.co/CUf26x0A2C,A
RT @ABSCBNNews: INFOGRAPHIC: PAGASA√¢‚Ç¨‚Ñ¢s storm surge advisories #RubyPH I via @govph http://t.co/5E30fcAYKC,NA
"RT @ABSCBNNews: PAGASA: #RubyPH expected to make landfall in Batangas tonight, probably between 6pm to 8pm, based on 10KPH movement",A
RT @ABSCBNNews: PAGASA: #RubyPH expected to make landfall Satuday night or Sunday morning in Eastern or Norther Samar,A
RT @ABSCBNNews: PAGASA: Rains expected in Metro Manila Sunday night or Monday morning; may raise to Storm Signal #2. #RubyPH #Hagupit,A
"RT @ABSCBNNews: PAGASA: Signal no. 2: Camarines Sur, Burias Is., Romblon, Capiz, Northern Cebu inc. Cebu City, Bantayan Is., Camotes Is. (1√¢‚Ç¨¬¶",A
"RT @ABSCBNNews: Public Storm Warning Signal  1 : Zambales, Pampanga, Tarlac, Bulacan, Rest of Quezon, Rest of Mindoro, including Romblon #R√¢‚Ç¨¬¶",A
RT @ABSCBNNews: Signal no. 3 in Samar provinces as #RubyPH nears landfall http://t.co/pFvK9WGNk2 http://t.co/mVsUbH96Og,A
"RT @ABSCBNNews: Starting today, Metro Manila will experience light to moderate rains. #RubyPH",NA
RT @ABSCBNNews: Storm signals raised over 34 areas as #RubyPH intensifies http://t.co/98efO8wFxW http://t.co/SDqFmRO8oq,A
RT @ABSCBNNews: The following are currently under storm surge advisory 2. #RubyPH http://t.co/9heyEwVsZp,A
RT @ABSCBNNews: UPDATE: Public Storm Warning Signals as per PAGASA's 11 p.m. weather bulletin. #RubyPH #Hagupit http://t.co/7hstokl3Sm,A
RT @ABSCBNNews: Which places may be hit by #RubyPH's storm surges? http://t.co/i5Q13eyHSU #Hagupit http://t.co/rmHEHdeGuf,A
"RT @AdamsonUni: No classes and work at all levels tomorrow, December 8 (Monday), due to TY #RubyPH. Stay safe, Adamsonians. #walangpasok",NA
RT @afreedma: Typhoon #Hagupit begins agonizing 3-day trek thru Philippines. Deadly flooding likely. http://t.co/j1OOmLBmWc #RubyPH http://√¢‚Ç¨¬¶,A
RT @AgentNels: RT @ABSCBNNews: Public Storm Warning Signals as of 11 a.m. December 8. #RubyPH http://t.co/TfRL7qf1ys,NA
RT @ANCALERTS: As of 12nn: ORANGE rainfall warning raised over Metro Manila and CALABARZON (via @dost_pagasa) #RubyPH,A
RT @ANCALERTS: As of 12nn: ORANGE rainfall warning raised over Metro Manila and CALABARZON (via @dost_pagasa) #RubyPH,A
"RT @ANCALERTS: JUST IN: Tropical Storm Ruby made its 4th landfall in Laiya, Batangas at 5:45pm #RubyPH",A
"RT @ANCALERTS: JUST IN: Typhoon Ruby landfall expected as early as 8pm in Dolores, Eastern Samar. #RubyPH",A
RT @ANCALERTS: NDRRMC: We are monitoring Eastern Visayas coasts for possible storm surges. #RubyPH (Photo via @aikarobredo) http://t.co/oHI√¢‚Ç¨¬¶,NA
RT @ANCALERTS: Nicart: We're preparing for the worst-case scenario. We're advising all Eastern Samar officials to take the situation seriou√¢‚Ç¨¬¶,NA
RT @ANCALERTS: Orange rainfall warning raised over Metro Manila http://t.co/LBLi9IcGXa #RubyPH,A
RT @ANCALERTS: PAGASA 11pm bulletin: Typhoon Ruby maintains strength &amp; is now traversing Sibuyan Sea. #RubyPH http://t.co/LbHOqVAxP0,A
"RT @ANCALERTS: PAGASA 5pm: ORANGE rainfall warning - Eastern Visayas. Expect floods in low-lying areas, landslides in mountainous areas. #R√¢‚Ç¨¬¶",A
"RT @ANCALERTS: PAGASA: #RubyPH expected to make landfall in Dolores, Eastern Samar tonight at around 8-10pm",A
"RT @ANCALERTS: PAGASA: Tropical Storm Ruby expected to make 4th landfall in Laiya, Batangas 6-8pm tonight #RubyPH",A
RT @ANCALERTS: PAGASA: Typhoon Ruby (int'l name Hagupit) can still gain strength before making landfall in PH; will enter PAR on Thursday #√¢‚Ç¨¬¶,A
RT @ANCALERTS: Tropical Storm Ruby expected to exit PH Area of Responsibility on Wednesday evening #RubyPH http://t.co/FTZ0bBsc1S,NA
"RT @ANCALERTS: Typhoon Hagupit moving west northwest at 25kph; expected to be at 598km east Southeast of Guiuan, Eastern Samar Thursday eve√¢‚Ç¨¬¶",A
"RT @ANCALERTS: YELLOW Rainfall Advisory: Negros Provinces, Bohol, Antique, Capiz, Iloilo, Guimaras, southern Cebu. #RubyPH",A
RT @annecurtissmith: Watching the news. Keep safe tonight everyone! If you know you're in a heightened alert area take necessary safety pre√¢‚Ç¨¬¶,NA
"RT @anthonywx: #Hagupit/#RubyPH emerging from eyewall replacement cycle. Won't be a cat-5, but still very strong at landfall. http://t.co/m√¢‚Ç¨¬¶",A
"RT @anthonywx: Catastrophic storm surge/wind possible on Leyte, Samar. Take action to protect your life. #Hagupit #RubyPH http://t.co/w9Sw3√¢‚Ç¨¬¶",A
"RT @anthonywx: Dvorak satellite estimate via CIMSS has T# at 6.6, which would make #Hagupit #RubyPH a super typhoon again. http://t.co/4fAV√¢‚Ç¨¬¶",A
RT @AstroTerry: Amazing moonlit view from directly above Typhoon #Hagupit http://t.co/SaPMBnwFMT,NA
"RT @atomaraullo: Sad news: CALBAYOG, Samar has its first casualty. A 2 year-old is confirmed dead after getting crushed by an uprooted tree√¢‚Ç¨¬¶",NA
"RT @BBCNewsAsia: The #Philippines braces for arrival of Typhoon #Hagupit, expected to hit land on Saturday http://t.co/haP2OzhPCm http://t.√¢‚Ç¨¬¶",NA
RT @BBCNewsAsia: VIDEO: Typhoon #Hagupit to make landfall in the #Philippines 'in 48 hours' http://t.co/IHUgWhfl3D http://t.co/zd3uBQoBbu,A
RT @BBCtrending: #Hagupit: The super typhoon heading for the #Philippines http://t.co/OYCv5SeEZ1,NA
RT @BePreparedPH: Follow @SaveChildrenPH's #BePreparedPH for #Hagupit #RubyPH updates and tips on how to be prepared and stay safe. http://√¢‚Ç¨¬¶,NA
RT @BePreparedPH: Stay away from floodwaters. Six inches of swiftly moving water can sweep you off of your feet. #BePreparedPH #RubyPH #Hag√¢‚Ç¨¬¶,NA
RT @BrandonCNN: People in Cntrl/Northrn Philippines should be preparing NOW-Still lots of uncertainty on track/time #Hagupit #RubyPH http:/√¢‚Ç¨¬¶,A
RT @BrandonCNN: Super Typhoon #Hagupit- with winds of 240kph per the JTWC. Still significant strengthening ahead...posing serious threat to√¢‚Ç¨¬¶,A
"RT @breakingstorm: Typhoon Hagupit kills 21 on Samar island, Philippine Red Cross says - @Reuters http://t.co/J558vR6Oo7",NA
"RT @BreaknNews: cnnbrk: At least 21 died in Philippines from Tropical Storm Hagupit, says secretary general of the P... http://t.co/LoDmvRo√¢‚Ç¨¬¶",NA
"RT @BuhayKolehiyo: According to Rappler #RubyPH is strongest at 8-10PM Today,  Keep Safe Guys!",A
RT @CARE: The most powerful typhoon of 2014 is heading for the Philippines. http://t.co/Uu3WCHh5V7  #Hagupit #RubyPH http://t.co/LfrKDaWqch,NA
RT @CARE: Typhoon #Hagupit will make landfall 6 times across the Philippines before it's gone. http://t.co/HFlLizvvHu #RubyPH http://t.co/q√¢‚Ç¨¬¶,A
"RT @CAREAustralia: Typhoon #Hagupit strengthening as it approaches the #Philippines, currently Cat. 4. @CAREAustralia on alert &amp; staff on s√¢‚Ç¨¬¶",A
RT @carecanada: RT @RachidCARE: Landslides caused by #hagupitph in Samar #CARE and partner #assessment http://t.co/4vwWZ6dhUX,A
"RT @CD_Penguins: Dec.7, 6PM American Time I guess // RT @ExtremeStorms Naga City to Manila latest JTWC forecast track #Hagupit #RubyPH http√¢‚Ç¨¬¶",A
"RT @CDSL_SAC: Metro Manila is now under Signal #2. Expect heavy rains over Metro Manila tomorrow, December 8. Stay safe, Ruizians! √°¬Ω¬†A #RubyPH",A
RT @cebugovph: #RubyPH #Weather #Advisory Public Storm Warning Signal #2 (Winds of 61-100 kph is expected in at least 24 hrs)... http://t.c√¢‚Ç¨¬¶,A
RT @CFigueres: Painful situation in the Philippines reminds us of the urgency to act on #climatechange http://t.co/6N2O0QbEtW #COP20 #Hagup√¢‚Ç¨¬¶,NA
"RT @cheryltiu: 'Hagupit' is now a super typhoon. Here are the areas that are deemed most critical. Keep safe and dry, Philippines! http://t√¢‚Ç¨¬¶",A
"RT @chrstphrmrtn: Stay safe everyone especially those living in Laguna, Cavite and Batangas! #RubyPH",NA
RT @CJ_Surfer1: Typhoon Hagupit (Ruby) Makes Landfall In the Philippines; Danger Continues (FORECAST) @weatherchannel  http://t.co/3GO9xHRQ√¢‚Ç¨¬¶,A
RT @cnnbrk: Philippines braces for storm surges of up to 15 feet and heavy rain from Typhoon #Hagupit. http://t.co/B6n47atLtD http://t.co/I√¢‚Ç¨¬¶,NA
"RT @cnnbrk: Typhoon Hagupit pounds Philippines with torrential rain. Potential dangers: storm surge, flooding and landslides.http://t.co/8U√¢‚Ç¨¬¶",NA
"RT @cnni: A year after Haiyan's devastation, new super typhoon threatens Philippines: http://t.co/xMSreADk3W #RubyPH #Hagupit http://t.co/6√¢‚Ç¨¬¶",NA
"RT @cnnireport: Super Typhoon #Hagupit will make landfall Sat/Sun. Share your photos, if it's safe http://t.co/vlrNyv2RS6 #RubyPH http://t.√¢‚Ç¨¬¶",NA
RT @CNNweather: Back to SUPER status. #TyphoonHagupit winds strengthened to 150mph/240kph per JTWC. Track still uncertain. #RubyPH http://t√¢‚Ç¨¬¶,A
"RT @COSMIC_FP7: With a typhoon approaching, people in the Philippines are taking to social media to share vital information: http://t.co/PV√¢‚Ç¨¬¶",NA
RT @DawnZpost: #RubyPH to landfall in 4-6hrs in Eastern Samar http://t.co/FG0mxDVJVc http://t.co/v4tuuTtufJ ct @DZMMTeleRadyo,A
"RT @dearscarjames: FYI, Orange rainfall warning means intense rains for the next 2 hours. #RubyPH http://t.co/37ZQggcsgZ",NA
RT @DepEd_PH: Be prepared and take precautionary measures in preparation for Typhoon #RubyPH. Keep safe! http://t.co/dHlzsdo1zi,NA
RT @DepEd_PH: Precautionary measures for everyone. Ingat po kayo! http://t.co/HwsoGlgypy #RubyPH,NA
"RT @DepEd_PH: RIZAL PROVINCE | #walangpasok Classes in ALL LEVELS are suspended tomorrow, Dec. 9, 2014 | via @RizalGov #RubyPH https://t.co√¢‚Ç¨¬¶",NA
RT @DepEd_PH: UPDATED: List of areas with class suspension http://t.co/WHvio8eDZt #walangpasok,NA
"RT @DirectRelief: #TyphoonHagupit has made landfall in Dolores, Eastern Samar. The typhoon is bringing sustained torrential rain and wind g√¢‚Ç¨¬¶",A
"RT @DLSUD: Following instructions from the Office of the Governor, classes in all levels are suspended today, December 5,2014. #walangpasok",NA
RT @DOST_NCR: Official list of localities: Typhoon Ruby (Hagupit) Storm Surge Advisory http://t.co/DlisWB54B6,A
"RT @dost_pagasa: #RubyPH Update (8PM 6Dec14) Typhoon RUBY was located @ 160km ESE of Catarman, NorthernSamar/@ 55km East of Dolores, Easter√¢‚Ç¨¬¶",A
"RT @dost_pagasa: RAINFALL ADVISORY No.3  #VIS_PRSD Weather System: Typhoon #RubyPH Issued at: 6:15 PM, 06 December 2014  Expect... http://t√¢‚Ç¨¬¶",A
RT @dost_pagasa: SEVERE WEATHER BULLETIN FOR: TYPHOON √¢‚Ç¨≈ì#RubyPH√¢‚Ç¨¬ù(HAGUPIT) TROPICAL CYCLONE WARNING  WEATHER BULLETIN NUMBER TWELVE... http:/√¢‚Ç¨¬¶,A
"RT @dost_pagasa: SEVERE WEATHER BULLETIN No. 14 FOR: TYPHOON √¢‚Ç¨≈ìRUBY√¢‚Ç¨¬ù (HAGUPIT) TROPICAL CYCLONE: WARNING  ISSUED AT 11:00 AM, 07... http://t√¢‚Ç¨¬¶",A
RT @dost_pagasa: SEVERE WEATHER BULLETIN No. 23 FOR: TROPICAL DEPRESSION √¢‚Ç¨≈ì#RubyPH√¢‚Ç¨¬ù (HAGUPIT) TROPICAL CYCLONE: ALERT  ISSUED AT... http://t√¢‚Ç¨¬¶,A
"RT @dzbb: As of 2:57PM: Rough sea and moderate-strong winds in Almeria, Biliran http://t.co/2AsMCZg5Oh | @biliranisland #RubyPH http://t.co√¢‚Ç¨¬¶",A
"RT @dzIQ990: Tropical Storm #RubyPH expected to landfall at Torrijos, Marinduque between 11am-12nn today | @erwinaguilonINQ",A
RT @DZMMTeleRadyo: JUST IN: 2 dead reported in Iloilo due to hypothermia. #RubyPH | via @ANCALERTS,NA
"RT @EarthUncutTV: #typhoon #Hagupit #RubyPH bombing out, gone ""super."" Forecast to become cat. 5 if not already http://t.co/AmvixuHsap",A
"RT @EarthUncutTV: Radar image of #typhoon #RubyPH #Hagupit nearing east coast of Samar, h/t @westpacwx http://t.co/igQKwmVtdc",A
RT @eNCAnews: Typhoon Hagupit leaves death and destruction in its wake &gt;&gt; http://t.co/wNFSl0fOTe http://t.co/wyOVwN55j0,NA
RT @EricHolthaus: JTWC says Super Typhoon #Hagupit/#RubyPH has likely peaked in strength. It could directly strike metro Manila. http://t.c√¢‚Ç¨¬¶,A
RT @ExtremeStorms: JTWC forecasting #Hagupit to reach Haiyan strength of 170 knots then be near shore east of Manila at 150 knots. Oh my. #√¢‚Ç¨¬¶,A
RT @ExtremeStorms: JTWC Warning #12 is out. Super Typhoon #Hagupit #RubyPH and an ominous track change http://t.co/NwKgvBuMhj,A
RT @ExtremeStorms: Nobody flying east of the Philippines right now except UA190 MNL to GUM @AirlineFlyer #Hagupit #RubyPH #typhoon http://t√¢‚Ç¨¬¶,NA
RT @ExtremeStorms: ok here is the JTWC Warning #13 graphic #Hagupit #RubyPH http://t.co/NwKgvBuMhj,A
"RT @FarEasternU: Classes in FEU Makati are also suspended tomorrow December 9, 2014. Stay safe Tams. #walangpasok",NA
RT @FloydWhaley: Direct hit Manila. @ExtremeStorms: JTWC Warning #15 &amp; yes another track change #Hagupit #RubyPH http://t.co/JoKsvoak6R,A
"RT @flyPAL: Your safety is our utmost concern, stay tuned for our advisories on #RubyPH. http://t.co/E0c1jrrO5H",NA
"RT @FoxNews: 2 dead, 900,000 evacuate as #typhoon slams Philippines http://t.co/j2e40vk3mv http://t.co/8RRfUe9DBz",NA
"RT @FoxNews: 21 dead, 1 million in shelters after typhoon soaks #Philippines: http://t.co/M0fOpPNyJq",NA
RT @FoxNews: Thousands scramble to shelter as typhoon batters Philippines http://t.co/IMakl0ch4W http://t.co/9k8VU8KcIK,NA
RT @GlobalEdmonton: 3 dead in Philippines as Typhoon #Hagupit weakens http://t.co/xGiTiVRqNY http://t.co/LmupAHHRkc,NA
"RT @gmanews: #RubyPH now only a storm but heavy rains still expected in NCR, nearby provinces http://t.co/LvkNqtjYOv http://t.co/3I6C5KzvWe",A
"RT @gmanews: #RubyPH to make landfall in Laiya, Batangas; Heavy rain expected in NCR, nearby regions http://t.co/Qx2DN91O0F http://t.co/WUn√¢‚Ç¨¬¶",A
RT @gmanews: 43 areas under storm signals as #RubyPH heads toward Masbate http://t.co/yRFueD06Wx,A
RT @gmanews: Most business establishments in downtown Tacloban City are now closed due to Typhoon #RubyPH. | via @sandraguinaldo http://t.c√¢‚Ç¨¬¶,NA
RT @gmanews: Prepare for #RubyPH. Secure a list of emergency hotlines. | via @DepEd_PH http://t.co/ll8t99KcQW,NA
"RT @govph: #walangpasok √¢‚Ç¨¬¢ BULACAN PROVINCE: Classes in ALL LEVELS are suspended tomorrow, December 8, 2014. #RubyPH | via @PDRRMCBulacan",NA
RT @govph: ADVISORY via @DOTCPhilippines: Last MRT-3 train shall leave North Ave. stn at 7 pm today; last train from Taft Ave. stn at 7:40 √¢‚Ç¨¬¶,NA
"RT @govph: At 8:15 am today, ORANGE rainfall advisory issued over northern Cebu, including Camotes &amp; Bantayan Is. #RubyPH http://t.co/cE2TH√¢‚Ç¨¬¶",A
RT @govph: Department of Education (@DepEd_PH) reminds schools and field offices to take precautionary measures for #RubyPH. http://t.co/UP√¢‚Ç¨¬¶,NA
RT @govph: From PAGASA's http://t.co/yER0Y9R2Z7: Track forecast for typhoon #RubyPH. http://t.co/n5OtzpHlhc,A
"RT @govph: Guide to PAGASA's color-coded rainfall advisories (YELLOW, ORANGE, RED): http://t.co/CEMH6YjnBS #RubyPH http://t.co/kSyvwNTlK2",NA
RT @govph: INFOGRAPHIC √¢‚Ç¨¬¢ Instructions on how to make safe drinking water: http://t.co/DVbajJiblq #RubyPH http://t.co/rMhvOSNYy1,NA
"RT @govph: PAGASA, as of 5pm of December 8: #RubyPH has further weakened, is moving toward Batangas. http://t.co/a0LHdgBdsC http://t.co/TmV√¢‚Ç¨¬¶",NA
"RT @govph: PAGASA: #RubyPH to make landfall Saturday evening over the Eastern Samar-Northern Samar area, with 4-5-meter storm surge and hea√¢‚Ç¨¬¶",NA
"RT @govph: PAGASA: As of 8:00 a.m. today, #RubyPH has weakened into a TROPICAL STORM, with maximum winds of 105 kph and gustiness of 135 kp√¢‚Ç¨¬¶",A
"RT @govph: Signal no. 1 is also up over Antique, Iloilo, rest of Cebu, Bohol, Dinagat Islands, Siargao Island. #RubyPH",A
"RT @govph: Work is NOT suspended in gov't agencies that provide basic and health services, disaster response: http://t.co/5DDoQVGoOP #RubyPH",NA
"RT @govph: Yesterday, PHIVOLCS issued a lahar advisory for areas near Mayon &amp; Bulusan Volcanoes: http://t.co/tBNErFmbXj #RubyPH http://t.co√¢‚Ç¨¬¶",A
RT @GulfTimes_QATAR: Typhoon Hagupit kills 21 in Philippines: Red Cross http://t.co/dG9Jo2m35W #storm #Manila #Samar http://t.co/cVCIyx5NkK,NA
"RT @gwen_pang: #RubyPH will make landfall at around 8 to 10 O' clock this evening at Dolores, Eastern Samar.  @PhilRedCross #RC143",A
RT @ibnlive: Powerful typhoon slams into eastern Philippine http://t.co/xZDYJe2noW http://t.co/Nq7kcL0lgi,NA
"RT @ilo: First estimates say 800,000 workers affected by Typhoon Hagupit in the Philippines. http://t.co/6fuOzSLCHV http://t.co/KYJp3RjgQl",NA
RT @IMReadyPH: #RubyPH is forecast to make landfall  on Saturday evening over the E.Samar-N. Samar area.,A
RT @IndraPetersons: Powerful Super Typhoon #Hagupit is STRONGEST STORM since #Haiyan and heading towards the Philippines for the weekend. h√¢‚Ç¨¬¶,NA
RT @inquirerdotnet: .@dost_pagasa: Strong rains and heavy wind will be felt between 10-11 pm tonight in Metro Manila. #RubyPH | @DMaliwanag√¢‚Ç¨¬¶,A
"RT @inquirerdotnet: #RubyPH to make landfall tonight at Dolores, Eastern Samar, between 8 and 10 pm http://t.co/YlpyXSynJQ | @sarapacia",A
"RT @inquirerdotnet: According to PAGASA's weather specialist Chris Perez, #RubyPH may exit somewhere in Batangas area | @PanahonTV",A
RT @inquirerdotnet: FAST FACTS: Typhoon #RubyPH grows stronger http://t.co/ZSExK0t9Kx,A
RT @inquirerdotnet: Your #RubyPH Storm Signal Update:  | @MSantosINQ @dost_pagasa http://t.co/h5XIB80vCN,NA
RT @IOM_Philippines: Preparation has been key to lessening impact of #Hagupit. IOM helped secure roofs on #Philippines bunkhouses http://t.√¢‚Ç¨¬¶,NA
RT @IOMasiapacific: Strong winds ten minutes ago in Guiaun as #philippines braces for #typhoon #hagupit @IOM_news http://t.co/xvxmDBx6i6,A
RT @itsEllaCruz: @SaveChildrenPH team watching and preparing for #Hagupit #RubyPH. Path of typhoon still uncertain. Follow #BePreparedPH fo√¢‚Ç¨¬¶,NA
RT @IvanCabreraTV: #Hagupit is now a Super Typhoon and looks to reach maximum potential intensity. Philippines: prepare for landfall &amp; focu√¢‚Ç¨¬¶,NA
RT @IvanCabreraTV: #Hagupit now just a Tropical Depression but still dumping heavy rain in Vietnam. http://t.co/mnRNwNhPC2,NA
RT @jakpost: Typhoon Hagupit should send shivers through halls of Lima conference: Oxfam http://t.co/nxGRFrhOkJ,NA
"RT @JesleyJessica: ""Go home, my people, and lock your doors! Hide yourselves for a little while until the LORD√¢‚Ç¨‚Ñ¢S anger has passed."" -Isaiah√¢‚Ç¨¬¶",NA
"RT @jinglebelles17: Please secure your pets too! Don't leave them caged outside. Let them in! They have the right to live, too √∞≈∏¬ê¬∂ #RubyPH #H√¢‚Ç¨¬¶",NA
"RT @jnery_newsstand: Storm Signal No. 1 now up over Metro Manila, some two hours after #RubyPH makes first landfall. Other areas in list. h√¢‚Ç¨¬¶",A
RT @JohnnyParker012: In the WesternPacific Tropical Storm #Hagupit has winds of 50mph with pressure of 990mbars Movement WNW 6mph #RubyPH h√¢‚Ç¨¬¶,A
RT @johnspatricc: √¢‚Ä†‚Äô http://t.co/Bh4BxQO9Uy Typhoon Hagupit smashes the Philippines deaths recorded as interior secretary ... #TyphoonHagupi√¢‚Ç¨¬¶,NA
"RT @JojoMalig: 21 dead in Eastern Samar, 16 of them in Borongan town, @Reuters reports, quoting Red Cross' @gwen_pang. #RubyPH #Hagupit",NA
"RT @JojoMalig: Based on PAGASA's latest track, #Hagupit #RubyPH will lash the central Philippines for 3 days. http://t.co/ojsx0bDG6Z",A
"RT @jonvicremulla: According to the US typhoon tracking service, typhoon hagupit (#RubyPH) still has the probability of hitting... http://t√¢‚Ç¨¬¶",A
"RT @jonvicremulla: Important Announcement:   Fellow Cavitenos, #RubyPH  (Typhoon ""Hagupit) will cut slowly across the Visayas,... http://t.√¢‚Ç¨¬¶",A
RT @juliamacfarlane: 3am local time in #Manila and @CliveMyrieBBC anchors the news from the #Philippines as #TyphoonHagupit approaches the √¢‚Ç¨¬¶,NA
"RT @justcallmelloyd: Turn off data, Wifi, Bluetooth, etc to save batteries. Use SatPhones only in case of emergency! Keep safe! #BePrepared√¢‚Ç¨¬¶",NA
RT @KHOU: Super #typhoon will impact 30 million in the #Philippines and could cause catastrophic damage  http://t.co/PYirmFSBXS http://t.co√¢‚Ç¨¬¶,NA
"RT @loisavids: But still, to those who are living in Visayas, especially the Loiyals there, be safe guys! #RubyPH",NA
"RT @LPUManila: Pls be advised classes for LPU Manila have been suspended for Dec9,2014 as announced by the Mayor. Stay safe and dry, Lycean√¢‚Ç¨¬¶",NA
"RT @manila_bulletin: Save this emergency hotlines to your phone just in case. Stay safe, everyone! #RubyPH http://t.co/BRUu5WhJrE",NA
"RT @MarikinaPIO: #abisomarikenyo@Dost_pagasa TROPICAL CYCLONE WARNING: TYPHOON ""HAGUPIT"" Issued at 5:00 a.m., Sunday, 07 December 2014 http√¢‚Ç¨¬¶",A
"RT @MarikinaPIO: #AlertoMarikenyo &gt;&gt; Charge your phones, tablets, laptops, powerbanks etc.. #RubyPH",NA
RT @MariRamosTV: Here are some of the effects you can expect from #Hagupit *REGARDLESS* of where it makes landfall. Stay safe! #RubyPH http√¢‚Ç¨¬¶,NA
"RT @MARoxas: Update: #RubyPH landfall expected 8pm in Dolores, E. Samar. Still a very strong typhoon",A
"RT @MCLkamalayan: As of 6PM, Signal No. 2 still up in Laguna, nearby areas. Winds and rains expected in the next 24 hours. #RubyPH http://t√¢‚Ç¨¬¶",A
RT @MONG1992: Haiyan survivors relive terrors of a supertyphoon as #RubyPH nears @WorldVisionPH @WVAsia @MovePH http://t.co/EDF3szZpML,NA
"RT @MovePH: #RubyPH: At least 3 dead, a million affected http://t.co/SHvMFd3UUQ http://t.co/gV29RfmrJT",NA
"RT @MovePH: In case you missed it, TS Hagupit has intensified into a typhoon, accdg to the US JTWC: http://t.co/Tne1g34W9I http://t.co/VjzP√¢‚Ç¨¬¶",A
"RT @MSantosINQ: STORM SIGNALS Update 18, 11pm #RubyPH Signal no 2 in MetroManila lowered, Read http://t.co/92bcHiV2oF @inquirerdotnet http:√¢‚Ç¨¬¶",A
RT @MyJaps: Stay safe everyone. √°¬Ω¬§F√°¬Ω¬§F√°¬Ω¬§F #RubyPh,NA
RT @NASA: We caught 3 days of Typhoon #Hagupit's motion over Philippines: http://t.co/KGx8TnBG2O #EarthRightNow http://t.co/sppRkpO2wm,NA
"RT @NationalUPhil: Classes and work are suspended in National-U tomorrow, December 8, 2014. Keep safe Nationalians. #WalangPasok @GMANewsOn√¢‚Ç¨¬¶",NA
RT @NOAASatellites: The latest warning graphic for Super Typhoon #Hagupit from the Joint Typhoon Warning Center. http://t.co/bpe7XX7gBM htt√¢‚Ç¨¬¶,NA
"RT @OCHAAsiaPac: #Hagupit slowed down to 15 km/h, giving it more time for heavy rainfall and potential wind gust up to 200 km/h http://t.co√¢‚Ç¨¬¶",A
"RT @OfficialAUSG: No classes and work tomorrow, December 8. Keep safe and pray Adamsonians! #walangpasok #RubyPH",NA
"RT @officialdohgov: Important Information: In case of #emergency #HagupitPH #RubyPH http://t.co/azWDbkDlQl""",NA
RT @officialdohgov: RED rainfall advisory still up over E. Visayas due to #RubyPH. On what these advisories mean: http://t.co/jGn9RIq2PM ht√¢‚Ç¨¬¶,NA
RT @oojeema: Let us all be on alert for #rubyph,NA
RT @Oxfam: #Hagupit is the 3rd typhoon in a row to hit the Philippines during the annual UN climate talks http://t.co/ojtH2dVpSH #COP20,NA
RT @Oxfam: Typhoon #Hagupit heading to #Philippines http://t.co/MkZSuymDzW Oxfam team preparing contingency stocks in case we need to respo√¢‚Ç¨¬¶,NA
RT @OxfamAmerica: Millions are in the path of Typhoon #Hagupit/ #RubyPH. Help us save lives in the Philippines: http://t.co/cq6qdPgMEu,NA
RT @OxfamAustralia: Typhoon #Hagupit still recording windspeeds of up to 231km/m posing a significant threat to millions of people in The #√¢‚Ç¨¬¶,A
RT @PanahonTV: #RubyPH is expected to bring rains in Metro Manila. Check the areas you should avoid during rainy days in the Metro. http://√¢‚Ç¨¬¶,A
"RT @PanahonTV: #RubyPH is expected to make its landfall on Sat, it's best to be prepared. Arm yourself with these necessities: http://t.co/√¢‚Ç¨¬¶",NA
"RT @PanahonTV: According to PAGASA, Typhoon #RubyPH expected third landfall is on Sibuyan Island between 2-4 AM tomorrow.",A
RT @PatrickStump: @chauuking are you in or around the Philippines? I heard about typhoon hagupit. Please be safe!,NA
"RT @PhilippineStar: (Corrected) The following provinces are deemed ""critical areas"" in light of #RubyPH's possible landfall. #Hagupit http:√¢‚Ç¨¬¶",A
RT @PhilippineStar: ADVISORY: Currently experiencing #RubyPH's wrath? Here are the numbers and hashtags you need to know: http://t.co/2NFYA√¢‚Ç¨¬¶,NA
RT @PhilippineStar: ADVISORY: Metro Manila and CALABARZON are now under Signal #1. Here are latest storm signals raised due to #RubyPH. htt√¢‚Ç¨¬¶,A
RT @PhilippineStar: BANNER STORY: UN: More than 30 M at risk from Typhoon #RubyPH | http://t.co/OoqdImyiGI http://t.co/8gDdJHE0OE,NA
RT @PhilippineStar: Newborn baby girl abandoned during #RubyPH in Lilo-an Cebu | via @dukefrasco http://t.co/tsSbSHtuSa,NA
RT @PhilippineStar: P-Noy on #RubyPH preparations: Failure is unforgivable,NA
RT @PhilippineStar: Super typhoon #RubyPH: Storm surge alert up | http://t.co/bvQ4jAP276 http://t.co/qYdUWLxnNW,NA
"RT @PhilippineStar: UPDATE: The following provinces are now placed under the list of ""critical areas"" due to Typhoon #RubyPH (#Hagupit) htt√¢‚Ç¨¬¶",NA
RT @PhilippineStar: WEATHER: #RubyPH is forecast to move west at 10 kph. NE Monsoon affecting Northern Luzon | via @dost_pagasa,A
RT @PhilippineStar: What are #StormSurges? Be aware. Be prepared. #RubyPH http://t.co/kKSTG2ILdf,NA
"RT @philredcross: As typhoon Ruby makes landfall, please have these flood safety tips in mind. Be safe everyone #RubyPH http://t.co/yAyw54A√¢‚Ç¨¬¶",NA
RT @PIANewsDesk: #PAGASA Forecaster Chris Perez announced that #RubyPH has been downgraded to a tropical storm. http://t.co/MiQDdHnWC6 | vi√¢‚Ç¨¬¶,A
RT @PlanAsia: Preparedness works! Download this checklist of crucial items for your go bag. #Hagupit #RubyPH http://t.co/vjyXcmA7Nb,NA
"RT @PLM_CEP: #WalangPasok Classes at all levels in PLM remains suspended tomorrow, 09 December. Admin and academic works... http://t.co/V8Q√¢‚Ç¨¬¶",NA
RT @pnpdpcr: Here are some Storm Survival Tips in preparation for #Hagupit #RubyPH| Be Prepared @PNPhotline @pnppio @PNP_PCRG http://t.co/e√¢‚Ç¨¬¶,NA
RT @PTVph: #RubyPH Public Storm Warning Signal as of 11:00 PM today http://t.co/b26mFNqdS2,A
RT @PTVph: Via @aprilenerio: PAGASA states the further intensification of typhoon #RubyPH is still possible as it... http://t.co/OI2OuBCsXm,A
RT @Q13FOX: Typhoon Hagupit pummels Philippines killing at least two &gt;&gt; http://t.co/7k4FsWNyqx http://t.co/BGnWgkUzWk,NA
RT @raffymagno: Take precautionary measures in anticipation of TS Hagupit #educACTION http://t.co/M2uHwSL9O7,NA
"RT @raffytima: As #RubyPH approaches, PAGASA &amp; JTWC adjust their storm track predictions, are slowly converging. EVERYONE prepare. http://t√¢‚Ç¨¬¶",NA
"RT @rapplerdotcom: ""We need to take each typhoon entering PAR seriously."" No leaves for DILG, LGUs along Hagupit's path: http://t.co/BjvkoM√¢‚Ç¨¬¶",NA
RT @rapplerdotcom: [UPDATED] #RubyPH: Iloilo City declares √¢‚Ç¨Àústate of imminent danger√¢‚Ç¨‚Ñ¢ http://t.co/CBTM1QVbY7,A
"RT @rapplerdotcom: Aquino hits alarmist media reports on Typhoon #RubyPH: http://t.co/gWPmZea1US ""Please be accurate.""",NA
"RT @rapplerdotcom: Expected #RubyPH landfall in Albay is 1pm, according to local officials. | via @iamdavidlozada",A
"RT @rapplerdotcom: High tide to aggravate #RubyPH impact on Metro http://t.co/v7u1J5tKGu Prep your homes accordingly, Metro Manilans!",A
RT @rapplerdotcom: PAGASA: #RubyPH 6pm landfall tomorrow in N. Mindoro. She will be felt tomorrow in Metro Manila. She will be her stronges√¢‚Ç¨¬¶,A
"RT @rapplerdotcom: UPDATE as of 6 PM: Stranded due to #RubyPH √¢‚Ç¨‚Äú 2,612 passengers, 36 vessels, 6 motor bancas and 522 rolling cargoes. via @√¢‚Ç¨¬¶",A
"RT @rapplerdotcom: UPDATED: As of 10 am Saturday, #RubyPH was again downgraded from a super typhoon to a typhoon by the JTWC. http://t.co/u√¢‚Ç¨¬¶",A
RT @rapplerdotcom: Wonderful news in the midst of the storm! Baby abandoned then saved in Cebu during #RubyPH: http://t.co/tqMtPKdLjU http:√¢‚Ç¨¬¶,NA
RT @reedtimmerTVN: Super typhoon #Hagupit will graze N island of Samar by 00z on Dec 7 then Manilla by early Dec 9 as weaker storm http://t√¢‚Ç¨¬¶,A
"RT @resebeexx: Stay at home, and keep safe everyone!√°¬Ω¬†A Just PRAY√°¬Ω¬§F #RubyPH √¢Àú¬Å√¢≈°¬°",NA
RT @RodriguezJan15: Keep safe guys! Continue to pray for God's protection. √°¬Ω¬§F #RubyPH,NA
RT @Roseshey_Bidua: Our Yolanda experience was more than enough. Please don't make it as worst as before. #RubyPH #RubyInTacloban #Hagupit,NA
"RT @RyanMaue: Straight runner ... Typhoon #Hagupit now sporting large, ragged filled eye on IR http://t.co/je4O1hakPL",NA
"RT @senorpepr: Storm Surge Advisory for Oras, Eastern Samar.  #Hagupit #RubyPH http://t.co/9ShsPXUH9m",NA
RT @SMARTCares: Stay alert and be prepared. Follow @dost_pagasa @ndrrmc_opcen @philredcross @govph and @interaksyon for updates. #RubyPH #S√¢‚Ç¨¬¶,NA
"RT @sunstarcebu: In case of power disruption during #RubyPH, @VECO_Cebu will repair  generators first before restoring power | @JKVSunStar",NA
"RT @sunstarcebu: The sea is starting to get rough in Daanbantayan, #Cebu | @dsm_sunstar  #RubyPH  http://t.co/ngtWTOPRQ3",A
"RT @TagaLPU: PAGASA: Residents of NCR, other parts of Central &amp; Southern Luzon should brace for strong winds, heavy rains on Monday #RubyPH",A
"RT @Team_Inquirer: ICYMI: 21 dead, says Red Cross exec http://t.co/lrLprqZ56E #RubyPH",NA
RT @TeamLouis1DPH: List of critical areas. Emergency preparations are highly recommended. Keep safe everyone! √∞≈∏‚Ñ¢≈í√∞≈∏‚Ñ¢¬è√¢Àú¬ù Please spread. #RubyPH ht√¢‚Ç¨¬¶,A
RT @Tearfund: #Hagupit is due to hit the Filipino capital today. Twenty one people have been killed and 1million affected so far. Please co√¢‚Ç¨¬¶,A
RT @TeenQueenPost: STRONG WINDS NOW HERE IN CEBU!!!!! SHOCKS!! SO CREEPY!!! #RubyPH,A
RT @TelegraphNews: Typhoon Hagupit howls through the central Philippines http://t.co/aXadRjptha via @TelegraphVideo http://t.co/cSdZWWUcwf,NA
"RT @TheGUIDON: Classes have been suspended in the Ateneo de Manila University tomorrow, Dec. 9, 2014, due to #RubyPH. http://t.co/uzcYZOR7kg",NA
RT @thejudsonjones: With a storm moving slower than you can run -- rain &amp; flooding become some of the main concerns! #Hagupit (#RubyPH) htt√¢‚Ç¨¬¶,NA
"RT @TheLaSallian: PAGASA: Signal No. 1 declared in Metro Manila, might be raised to Signal No. 2  tonight as #RubyPH maintains strength | v√¢‚Ç¨¬¶",A
RT @theTEENstagram: Naglandfall na ang bagyo sa Eastern Samar. Stay safe everyone! Keep on praying and always be alert. #RubyPH,NA
RT @TheWorldPost: Death toll from Philippines typhoon climbs to 21 http://t.co/s7U6tyee5B,NA
"RT @thiiirdangel: ""PAGASA said Metro Manila will feel the ""strongest impact"" of Ruby from December 8-9"" @rapplerdotcom #RubyPH",A
RT @tiemsin: #RubyPH nearest in Legazpi City 10am tomorrow says @jssalceda #BePreparedPH @SaveChildrenPH,A
RT @TigersOfManila: Signal no. 2 has been raised in Metro Manila by PAGASA. #RubyPH,A
RT @timesofindia: Philippines on highest alert as super typhoon #Hagupit approaches http://t.co/6Asdg3PReU http://t.co/K2DWMnyYTA,NA
"RT @TomSaterCNN: Never before has the #Philippines been more prepared for a #typhoon . #Hagupit #RubyPH is churning, stay in centers. http:√¢‚Ç¨¬¶",NA
RT @TomSaterCNN: Past December #Philippines storms have taken too many lives. #Hagupit is stronger than these two. @cnntoday @cnni http://t√¢‚Ç¨¬¶,NA
"RT @twc_hurricane: BREAKING: #Hagupit (#RubyPH) strengthens to super #typhoon again. 150 mph max sust'd winds, per latest JTWC advisory. ht√¢‚Ç¨¬¶",A
"RT @twc_hurricane: DEVELOPING: Western eyewall of #Typhoon #Hagupit (#RubyPH) now nearing east coast of Samar, #Philippines. http://t.co/8U√¢‚Ç¨¬¶",A
"RT @ukgdos: PAGASA: Effects of Typhoon #RubyPH will be felt in Metro Manila starting tomorrow, Dec. 8, and will peak at around 8-10 PM",A
RT @ukinphilippines: We have updated our travel advice ref Typhoon #RubyPH / # Hagupit. Take care! https://t.co/0gwuyJ4lTx,NA
RT @UMC_UMCOR: UMCOR Philippines team is taking down a tent w/ supplies ahead of #Hagupit potenially hitting Tacloban. Supplies moved to co√¢‚Ç¨¬¶,NA
RT @unisdr: UNISDR Typhoon #Hagupit #Ruby disaster risk reduction situation report - #drr #wcdrr http://t.co/7u04hlFR3t,NA
"RT @uplbperspective: THIS JUST IN: Laguna is now under storm signal #3, as of 11pm. #RubyPH http://t.co/UXTXEbnPW9",A
"RT @usg_dlsu: Stay safe, Lasallians! Take note of these emergency hotlines and stay updated always. #RubyPH http://t.co/azPTJaXxCV",NA
"RT @usg_dlsu: To all Lasallians in dorms and condos, make sure to stock up on food and essentials this week in preparation for #RubyPH. Sta√¢‚Ç¨¬¶",NA
"RT @valenzuelacity: Mayor REX Gatchalian suspends classes in ALL LEVELS (Public &amp; Private schools) tomorrow, December 9, due to #RubyPH. #w√¢‚Ç¨¬¶",NA
"RT @VanDamCNN: As #RubyPH slows down, excessive rainfall is major concern. #Manila could receive 340mm of rain in 48 hrs. @cnnbrk http://t.√¢‚Ç¨¬¶",A
"RT @victoriatulad: Although #RubyPH has weakened, Pagasa still warns of strong winds/rains, floods and landslides. @gmanews",A
"RT @victoriatulad: Pagasa says #RubyPH's eye will be closest to MMla, particularly areas in the south(Pateros, Taguig, Pasay,etc),bet.8pm-1√¢‚Ç¨¬¶",A
"RT @vijaylive: BREAKING NEWS: ALREADY A SUPER TYPHOON #HAGUPIT IS GOING TO BE A #HAIYAN IN 24 HOURS. EXPECTED MAX WINDS: 315 KM/H, GUSTS: 3√¢‚Ç¨¬¶",A
RT @weatherchannel: We're tracking Typhoon #Hagupit (#RubyPH) as it barrels through the #Philippines. Follow @TWC_Hurricane for updates. ht√¢‚Ç¨¬¶,NA
RT @weathernetwork: GRAPHIC: Typhoon #Hagupit expected impacts. Details: http://t.co/OibWkdvTwc #RubyPH http://t.co/4cYMjfdO4u,NA
RT @wesleywolfe44: #Hagupit is going to be a huge threat to the island nation of the #Philippines strength compatible to Super Typhoon Hayi√¢‚Ç¨¬¶,NA
"RT @With_WINNER: To Inner Circles &amp; everyone in  Philippines, please take care &amp; stay safe during the arrival of Typhoon Ruby! √°¬Ω≈†A√°¬º¬∞2√°¬º¬æ0",NA
"RT @WSJ: √¢‚Ç¨≈ìIt√¢‚Ç¨‚Ñ¢s now in God√¢‚Ç¨‚Ñ¢s hands."" Typhoon #Hagupit makes landfall in Philippines: http://t.co/cyMoebW9L4 #RubyPH",NA
RT @YahooPH: ICYMI: Areas with storm signal warnings because of #RubyPH: http://t.co/5BUmGKfeMH,A
RT @YebSano: Expected rainfall amount 7.5-20mm per hour (heavy - intense) within 600 kilometer diameter of Typhoon #Hagupit #RubyPH,A
RT @YouScoop: ADVISORY: Metro Manila under Signal No. 1 as #RubyPH heads for Masbate http://t.co/ozIXgYVUah,A
"RT OCD: Landfall within 1 hour. Power down in areas of Samar, Albay, Sorsogon and Tacloban. Cell phone signal getting scratchy #RubyPH",A
"Scary another possible Super Typhoon heading to the Philippines... International name Typhoon Hagupit,√¢‚Ç¨¬¶ http://t.co/t0KHhmdE5D",NA
"SEVERE WEATHER BULLETIN NUMBER FOURTEEN TROPICAL CYCLONE WARNING: TYPHOON ""RUBY"" (""HAGUPIT"") Issued at 11:00... http://t.co/GB11g4g9ve",A
Signal no. 2 in Masbate. Stay safe everyone√∞≈∏‚Ñ¢¬è #RubyPH #Hagupit,A
"Signal no. 2 is issued over Camarines Sur, Romblon, Leyte, Southern Leyte, Capiz, Cebu City, northern Cebu, Dinagat Islands. #RubyPH",A
Signal no. 3 in Cavite. √°¬Ω¬¢D keep safe everyone!√°¬Ω¬°4 #RubyPH,A
Slowly moving and DANGEROUS #Hagupit impacts Phillipines this weekend. HUGE flood potential! http://t.co/buWRajnei1 http://t.co/vnpzauNqRT,NA
"Stay safe and dry, everyone! May typhoon Ruby leave PAR sooner than forcast! #RubyPH",NA
Stay safe everyone! #SuperTyphoon #Hagupit,NA
Stay safe guys RT @metoffice Typhoon #Hagupit still on course for the Philippines http://t.co/1IOJcQgJbA http://t.co/7YwI1Ljysy,NA
Stay safe.   #RubyPH #TyphoonHagupit #Philippines #tumblr http://t.co/5vv1thA9La,NA
"Storm #Hagupit on the way to #Vietnam, landfall expected for Thursday. #CARE teams closely monitoring, ready to respond if needed.",A
"Storm Hagupit approaching in Paracel, Spratly Archipelagos - VietNamNet Bridge http://t.co/ZssW4ZzSJE #Spratlys",NA
Super Typhoon Hagupit heads to Phillipines. Disruption to travel and anticipated heavy destruction. http://t.co/9nTVJDXQ0m #prayers #typhoon,A
"Super Typhoon Hagupit now ~180 mph, headed for Philippines http://t.co/fu6Ais8MZ4",A
"Super Typhoon Hagupit poses deadly risks to Philippines, raises specter of Haiyan - Mashable",NA
Super Typhoon RUBY  #TyphoonRuby  #TyphoonHagupit #RubyPH #Hagupit expected rain and path. http://t.co/FwBu5oQy8W,A
"Thanks partly to developing #ElNi√É¬±o, Typhoon #Hagupit will be weaker than Hayan at Philippine landfall. @DiscoverMag http://t.co/iPgEcz7vo6",NA
The latest public storm warning signals #RubyPH http://t.co/a0xjb6Q2uS | via @WeatherPHL,NA
"THIS SATELLITE IMAGE SHOWS, TYPHOON #HAGUPIT'S SIZE IS BIGGER THAN #PHILIPPINES, IN 24 HRS HEAVY RAINS EXPECTED. http://t.co/4so4Y0w4W8",A
"Tropical Storm Hagupit batters Philippines, killing at least 21 Birds-eye view√¢‚Ç¨¬¶ http://t.co/GjqDLSjY4w #Typhoon",NA
"Tropical Storm Hagupit batters Philippines, killing at least 21: The deadly storm that√¢‚Ç¨¬¶ http://t.co/Vpxdm0zzp7 #CNN",NA
"Tropical Storm Hagupit batters Philippines, moves closer to Manila - CNN http://t.co/18GA9KUY5J",NA
"Tropical storm Hagupit wreaks havoc in Philippines, killing at least 27 http://t.co/lUusy1hnZC Network Front | The Guardian Nearly 1.7 ...",NA
Two people killed as Typhoon Hagupit leaves a trail of destruction across the Philippines. Full details #9NewsAt6 http://t.co/nM7OG6WsW9,NA
"Typhoon #Hagupit (#RubyPH) is slowing, but threatens to cause major flooding &amp; dangerous landslides. Get the latest: http://t.co/BNrVTz5mnb",NA
Typhoon #Hagupit on collision course with Philippines https://t.co/BjjsDyfP24,NA
"Typhoon Death Toll Rises In Philippines, Though Devastation Less Than Feared: At least 21 people are dead and more√¢‚Ç¨¬¶ http://t.co/lFIkjh7ADE",NA
Typhoon Hagupit (Ruby) - Red Cross - Alive and missing persons http://t.co/ht7qaFyJkw,NA
"Typhoon Hagupit barrels toward the Philippines, threatens storm surges http://t.co/IHgIuIygIk",NA
"Typhoon Hagupit begins dangerous trek across Philippines, deadly floods likely: UPDATED 6:00 ... http://t.co/xLUJFx3kBm #marketing #tech",NA
Typhoon Hagupit hits Philippines; heavy rain a concern http://t.co/Fjv0DE6ZGE,NA
Typhoon Hagupit kills 21 on Samar island-Philippine - Daily Times,NA
Typhoon Hagupit Makes Landfall - Get Prepared for the Aftermath! @_bdsgroup http://t.co/6EkgIxxfns,A
"Typhoon Hagupit nears Philippines: People in the Philippines brace for Typhoon Hagupit, a powerful storm expec... http://t.co/M4bXFmReYQ",NA
Typhoon Hagupit weakens after slamming into Philippines http://t.co/LrydkSyunw from #CBSNews #tns,NA
"Typhoon Hagupit weakens but flooding, high winds kill at least 21 http://t.co/Pq5K0iOE7o   Typhoon Hagupit was still bringing heavy rai...",NA
Typhoon Hagupit weakens ovr #Philippines at least 2 dead  http://t.co/bxVSfWQwYm #centralPhilippines #TyphoonHagupit #TyphoonHaiyan,NA
Typhoon Hagupit: Death Toll Jumps in Philippines on Samar Island - http://t.co/QDk0BFHTKr http://t.co/gNuoPAW6QU #Typhoon,NA
"Typhoon Hagupit: Philippines schools, offices shut as typhoon bears down: Schools and officer shut as storm ch...  http://t.co/T8aUF7Rtxf",NA
"Typhoon hits same place as last year (7000+ killed), deaths already reported http://t.co/luatJHQFiz",NA
"Typhoon lashes east Philippines with heavy rain: Typhoon Hagupit makes landfall in the Philippines, battering ... http://t.co/gUOXsDBJS8",NA
Typhoon makes landfall in Philippines: Rain lashed parts of the Philippines on Saturday as Typhoon Hagupit bar... http://t.co/qGlsaLoOyL,NA
"TYPHOON RAGES 3 dead, 900,000 flee as storm rips Philippines:  http://t.co/Lu9VbMh2Io",NA
Typhoon Ruby is coming. And they say it's like the intensity of Yolanda. Let's pray for a storm-proof Philippines. Call home now.,NA
"winds getting stronger here at imus,cavite keep safe all! #rubyph @SouthSnippets",A
"Winds, rain herald Typhoon Hagupit http://t.co/pSKbLgzVf7",NA
wtf the hagupit forecast prediction is 240 kph by saturday,NA