Visit the City's website for the most up-to-date information regarding air quality and emergency preparedness:‚Ä¶ https://t.co/x37zXQHYen,NA
"„Çè„ÅâÔºÅPDC ‚Å¶@PDC_Global‚Å© „ÅÆ Disaster Alert „Ç¢„Éó„É™„Åå„Éï„É´„É™„Éã„É•„Éº„Ç¢„É´„Åó„Å¶ÂäáÁöÑ„Å´ÈÄ≤Âåñ„Åó„ÅüÔºÅ

„Åã„Å§„Å¶Web„Åß‰∏ÄËà¨Âêë„Åë„Å´„ÇÇÂÖ¨Èñã„Åï„Çå„Å¶„Åü„Ç™„É≥„É©„Ç§„É≥Áâà„Å´„Åª„ÅºËøë„ÅÑÂÜÖÂÆπÔºÅ

Disaster Alert (PD‚Ä¶ https://t.co/X4jlbC841d",A
"Global Disaster Alert and Coordination System Alert : On 11/21/2018 6:21:43 PM, an earthquake occurred in United St‚Ä¶ https://t.co/WCWIYYzYMw",A
"Modi as PM will be a disaster for India: Manmohan Singh https://t.co/aY8IrRi0Kn

Professor, Economist, Central bank‚Ä¶ https://t.co/U7UtAZ3gAl",NA
"RT @CDCgov: Outbreak Alert: Do not eat any romaine lettuce, including whole heads and hearts, chopped, organic and salad mixes with romaine‚Ä¶",A
ALERT DISASTER MAJOR Salty Tornado with a horde of fire breathing rainbows just south of Fiesta Circle,A
"RT @AAPbalbir: Amritsar holy city on high alert, still day time sooting. Total collapse of law &amp; order.@AAPPunjab demands immediate arrest‚Ä¶",NA
"**Disaster alert**

When we crash-out:

UK landmass will re-attach to Europe, Labour will admit socialism is catast‚Ä¶ https://t.co/oRNh8mEryS",NA
RT @floodalliance: A great example of how SMS messages alert remote communities of extreme weather - allowing them to prepare and avoid dis‚Ä¶,NA
Flood Alert: Lower River Swale 20:53 21 November https://t.co/SxW76ChObA,A
NWS Alert&gt; Updated: Coastal Flood Advisory is in effect in Kleberg and Nueces Counties until early Friday #txwx https://t.co/oAgks9PGbU,A
"Weather Alert
Coastal Flood Advisory for Flagler Co. from 6:00 AM Thu until 4:00 AM Sat (EST)",A
"COASTAL FLOOD ADVISORY
                
Issued 02:42 PM EST on November 21, 2018

View full statement at https://t.co/lJ7Lexv3Ax",A
RT @yorkrescueboat: A Flood Alert has been issued for the Mid and Lower River Swale as of 16:21 Wed 21st Nov. Check Environment Agency webs‚Ä¶,A
RT @kron4news: FLOOD ALERT: Rain causes Ashby Ave. to flood near 1-80 overpass in Berkeley https://t.co/feI6TrrqwJ,A
@mekosoff @xor there is a movie called hurricane heist that I discovered through the heist alert and it is sharknad‚Ä¶ https://t.co/mEVs5mRmIZ,NA
"RT @HDE_FR: ""There are four guys still walking on the face of this earth because of that
HDE V-Watch.‚Äù
Kenny Anderson, EMS Captain from Cor‚Ä¶",NA
"RT @JosephDeMauro1: THE OZZY STORM ALERT
METRO NEW YORK - NEW JERSEY STORM SURGE ALERT
Click Here https://t.co/QvDsyLnUCV

#Brooklyn #hobok‚Ä¶",A
"RT @JosephDeMauro1: THE OZZY STORM ALERT
NY-NJ
Click Here
https://t.co/ONtqEbBW0H

#tumblr #Brooklyn #hoboken #hurricane #JerseyCity #njhur‚Ä¶",A
"RT @JosephDeMauro1: The Ozzy Storm Alert
NY-NJ
Click Here
https://t.co/RKSg2IXnio

#WordPress #Brooklyn #hoboken #hurricane #JerseyCity #nj‚Ä¶",A
RT @TankLawrence: üö®Product Drop Alertüö® : FINALLY Got these Hot Boy$ shirts up on my website! These are limited edition! Proceeds will go to‚Ä¶,NA
"Everyone can see the clarity change of this earth, super hurricane just swept to Japan, forest fires at US, everyon‚Ä¶ https://t.co/Cb1NeLfUsx",NA
AND SO IT BEGINS....HERE COMES POSSIBLE SURF ALERT AS LOW PRESSURE FORECAST TO DEVELOP OFF THE EAST FLORIDA COAST A‚Ä¶ https://t.co/ZHbjLcpeCi,A
"RT @RadioMediaGuy: UPDATE - A State of Emergency has been declared today November 21,2018 at 5pm for the Town of Beech Mountain due to the…",A
"Green earthquake alert (Magnitude 5.7M, Depth:145.5km) in United States 21/11/2018 18:21 UTC, About 4000 people within 100km.",A
"Alert Ready: Earthquake M=4.1 - 78 km SSE of Sooke, BC / En Alerte: Séismes M=4.1 - 78 km SSE of Sooke, BC",A
Veniaminof volcano on alert due to strong synchronisation of the tectonic waves in the region. The same synchronisa… ,A
RT @ChileAlertaApp: New #Earthquake. 🌎 4.9 (Mb) - 162 km al sureste de Bengkulu - Indonesia.21/11/2018  2:42:29 PM #Bengkulu-Indonesia App:…,A
[Tsunami] | Tsunami Information | 2018-11-21 18:21:42: Tsunami Information issued on 21/11/2018 at 18:21:42 onto th… ,A
"RT @FUTURENEWS2020: Another alert for possible seismic events(quakes with tsunami risks, floods, accidental fires)) this week from tomorrow…",A
@cinnabar_dust Tsunami alert on Arabian shores,A
"RT @jigneshkshatri1: @baba_vardaani @FoxNews @PujanNews @SkyNewsAust Chances of major earthquake near Andaman, India during next 48 hours t…",A
Earthquake/Tsunami Alert: No Tremors felt and Tsunami threat in Malaysia. ,A
"RT @USDAFoodSafety: Outbreak Alert:  Do not eat any romaine lettuce, including whole heads and hearts, chopped, organic and salad mixes wit…",A
Press Alert: Grants approved for earthquake and tsunami victims in Indonesia ... ,NA
[Tsunami] | Tsunami Information | 2018-11-19 20:18:41: Tsunami Information issued on 19/11/2018 at 20:18:41 onto th… ,A
RT @carletro84: Weather Alert. Cyclone Warning!!!,A
RT @blanketcrap: Cyclone &amp; Monsoon Alert,A
"(News) INDIA- India braces for cyclone, puts navy on alert",NA
"RT @kevinjaystanton: New @quinn_the_fox pin alert! This delicate beauty is the Petal Cyclone Peony, from the far off mountains beyond Isoch…",NA
"RT @WideRtNattyLt: @WoolwichPigeon @JaredStansbury @WLCyclone ""This is a Cyclone Weather Alert. Radar has indicated a strong poop tornado a…",NA
"RT @MandiPolice: Alert, PLZ AVOID TRAVELLING ON NH MANDI TO KULLU...AS LANDSLIDE HAS BLOCKED THE ROAD NEAR BANALA (AUT).",A
"JUST IN: MGB warns that with the heavy rainfall that Tropical Depression Samuel may bring, the debris from the Naga… ",A
"RT @SheSternly: Alert: PUH-LEESE, you are not a registered dem, you do not have the beliefs you have due to an 'awakening'. Tell me, was it…",NA
I want an Oreo Blizzard from Dairy Queen.Spoiler Alert: I'm lactose intolerant.Current Mood: 😫😩😖,NA
BIT BLIZZARD ALERT ❄️ Go support your fav streamers *coughs*hello*coughs* this holiday season!,NA
"RT @mikecejka4: ALERT: Snow Squall Warning for Niagara,Orleans until 9:15 AM.  Blizzard-like conditions under a snow squall dropping rapidl…",A
"Snow squalls cause high numbers of accidents each winter, due to the rapidly changing visibilities. It can be sunny… https://t.co/YFVYx0u81",NA
@rickyftw Mega discounted OWL items alert - https://t.co/Hb1qUfnsCY,NA
"@mmmadcccow @wkyc @WEWS Every storm, sprnkle, snow storm , Jeff Tanchek scares the piss out lil kids! A usual summe… https://t.co/LTBgFMWZzM",NA
Is there a way to alert blizzard regarding accounts that purposely lose Team League games to boost others?… https://t.co/ME5ZXsmDBt,NA
RT @GeeDee215: “... Butte County contracted for a private warning system to alert residents in danger — if they had the foresight to sign u…,NA
@AKimCampbell @FrankDangelo23 A blizzard of bullshit alert!,NA
@NikiMarieDawn Fierce Lady Friendships = awesomeness.  Stay tuned for my fierce shirt and nails.  Spoiler alert: bl… https://t.co/DTus2iuFDm,NA
I liked a @YouTube video https://t.co/rRi2XJy6ZW VOLCANO BAY WATER PARK CLOSED! RANT ALERT + Disney Blizzard Beach Water Slides FUNnel,NA
@palmaneri13 @JeffIsMoi @FionaAlcid Drought alert!,A
RT @Lauriefirelily: 🚨Free Sand Bags.Effected by Fires or 🤷‍♀️ ✔Drought conditions in California! Be Safe!💥Free Sandbags.✔Anyone who needs…,NA
The drought days is come to end ARMY... BLESSING ALERT...😭😭😭😭😭😭😭😭😭😭😭😭,NA
"California Wildfire update: Sequoia National Forest:  Eden 835 acres 5% contained. Alder, Mountaineer and Moses 5,9… https://t.co/7tdgVEh9Ya",A
RT @OANN: Paradise wildfire survivors claim officials never sent emergency alert to evacuate: https://t.co/l7YoNik9mI via @YouTube,NA
"RT @emilycadei: NEW: While touring California's wildfire wreckage, the president announced Congress was adding $500 million in funding to t…",NA
@InTheThickShow @Maria_Hinojosa @julito77 @jennimonet @WajahatAli We are actually in a wildfire deficit 😲 I learned… https://t.co/8quRRI2Y8v,NA
"Red Alert is declared for the commune of Quilpué, Chile due to forest fires. ",A
A #flashflood watch is issued by @CaltransDist1 for areas of Northern California. Those areas include #LakeCounty a… https://t.co/6UjbH7aGKn,A
Breaking News Alert: California Wildfires Are Now Burning Through A Highly Toxic Nuclear Waste Site https://t.co/fL5JLSlzV3,A
RT @Dr_Eager: Nobody would have saw this coming just like they wouldn't have saw those California wildfires coming we've been on high fire…,NA
Criticism is building of the alert system for California wildfires as the death count climbs from the Camp Fire. Ou… https://t.co/XjVAeH4GXO,NA
via @SpareTheAir WINTER SPARE THE AIR ALERT IS IN EFFECT TODAY: Air quality is forecast to remain unhealthy in the… https://t.co/fIBa5V834S,NA
"RT @tWeatherSA: ⚠️ ALERT: FINAL DAY OF HEAT WAVE in Gauteng on Sunday

Vereeniging 33°C
Johannesburg 34°C
Pretoria 35°C

🔥HEAT WAVES THIS S…",A
There is an Alert for Ice Storm (Mod) at Tue Nov 20 08:53:02 +0000 2018,A
Ice Storm Alert -  ALL CLEAR! https://t.co/skCIG5dlN4,A
Stage Two Ice Storm Alert https://t.co/EyXsVWanbd,A
"RT @GMA: Millions are on alert for dangerous cold, snow and ice as the first winter storm of the season moves into the northeast. @WhitJohn",A
Stage One Ice Storm Alert on 11-17-18 until 11-19-18,A
NWS Alert&gt; Winter Storm Warning: Heavy Snow Expected. Total Snow Accumulations of 5 to 8 Inches. A Glaze of Ice is… https://t.co/BEINdtxsqs,A
RT @NYCockerRescue: SENIOR ALERT!!!  ANOTHER ANGEL IN NEED!!!,NA
"EARTHQUAKE ALERT  NORTH ATLANTIC OCEAN 

USGS | M 6.2 - North Atlantic Ocean https://t.co/iSg9BBF8dI

Kim's Notes:… https://t.co/WfvXCmavhx",A
"RT @CaliaDomenico: Anak Krakatau volcanic lightning at night,24-26 October 2018.
Eruptions filmed In real time ..... https://t.co/BzLJzSXr7R",A
Volcanic eruptions once caused mass extinctions in the oceans – could climate change do the same? https://t.co/0Vg3qvkT1s,NA
My life story contains more chapters beneath the volcanic eruptions of my actions and words than the resulting moun… https://t.co/BWgiUDza6S,NA
Such an interesting read about the Dark Ages and Climate influenced by volcanic eruptions. https://t.co/396cdxt3DN,NA
"Volcanic eruptions, meteor strikes, lightning strikes: Not caused by man.  You j… https://t.co/y0fQW72k4v",NA
Here’s a list of major ( only major !! ) volcanic eruptions in the last 3 months and off course 🐑🐑🐑🐑 nothing wrong… https://t.co/A5jNGcEaYx,NA
"RT @DrinkBriggo: New podcast with The Del Fuego Project's founder, Taya Brown, is up! Don’t forget, every cup of coffee you buy we donate 1…
",NA
@Stryper...sending warning like a good sister..Big fault quakes will come when someone divide Gods Israel &amp; his ang… https://t.co/5nCuRjaZVH,NA
"RT @Kacy10000: Offshore Quake Causes Tsunamis, Nuclear Worries in Japan | https://t.co/Sv2guOTOtM",NA
RT @KIRO7Seattle: Building earthquake early warning one sensor at a time https://t.co/DZHHgDXSWF,NA
EARTHQUAKE! M5.4 quake strikes at a depth of 151.1km in / nearby Southern Alaska on 21-Nov-2018 18:21:42 UTC at epi… https://t.co/BzyOQBC4z2,A
"OMG! Again 5.2 Mag #Earthquake jolted #Indonesia 
No Tsunami warning generated so far. https://t.co/LJIWzWAzjr",A
"🇮🇩💢#Indonesia, #Earthquake m5.2 p:10km e:Norte de Sumatra.
-No hay riesgo de Tsunami
Sismología Indonesia:… https://t.co/yMvmNE4CKe",A
Earthquake forecast: Major tremors predicted in ‘critical’ coming days  https://t.co/9MU5N4ThtA,A
What shall the next warning be? They continue to oppress the poor instead of raise the barn. An earthquake?,NA
It’s no global warning ⚠️ Come help the Hurricane Florence victims in NC( a natural disaster),A
Fraudulent emails commonly appear after major natural #disasters and often contain links or attachments that direc… https://t.co/qO6L384qvQ,NA
"RT @FTPeVeVe: HURRICANE WARNING FLORIDA
#Hurricane",A
"@simply_gary I think I get what your saying, if people have warning and refuse to be responsible they should be pun… https://t.co/rn6EqfzLBF",NA
@mahssportszone @MonroeArea Hurricane warning is in place until Friday at midnight!!!,A
RT @Nash076: This brings up something I've growled about for ages: the hype factor.,NA
"Cable news can hype a hurricane, because there's days…",NA
"No Deeds, No Aid: PR Faces Home Reconstruction Challenge https://t.co/NDhBKowL7Z",NA
This is the third time a hurricane warning has been issued.,A
Hurricane Warning in effect.,A
"RT @sheils1002: Yuzu's feelings about Mar.11, 2011 disaster that hit his hometown &amp; how he's chosen to deal with it:",NA
"RT @redrum57: Disaster  if Corbyn gets into power warning!!!!
If you have over £5 million in the bank, are a national newspaper, the BBC or…
",NA
emergency and disaster preparedness https://t.co/ZqVAx7eNZ1 via https://t.co/fDjwPBAYUZ,NA